reviewId,userName,userImage,content,score,thumbsUpCount,reviewCreatedVersion,at,replyContent,repliedAt,appVersion
dc49d24e-0ff4-4414-b591-4c8636866c99,RE_Evan Arya Widyadhana,https://play-lh.googleusercontent.com/a-/ALV-UjUhjeQgAxyJlksvv5UawzTDWu-9N_R-d9eVkhIi0rEnqpv2boTlZg,lelet banget aduh saya sering ketinggalan absen karena buffering terus benerin kek,1,0,3.3.17,2025-09-03 15:21:18,,,3.3.17
68030d73-df18-438b-b7ec-cd5f01e09293,Xll _6_Faqih Abqari Sutopo,https://play-lh.googleusercontent.com/a-/ALV-UjWjXK3Sf3uYbHpCaEVRx5-eD7aQU_axaqZ15gePjeQMJ2BCggQ,"APLIKASI BANYAK BUG DAN ERROR ❗ TOLONG OPTIMALKAN LAGI KARENA MENGGANGGU KELANCARAN KULIAH, TERIMAKASIH",2,0,3.3.17,2025-09-03 10:24:19,,,3.3.17
fe12e710-6969-4731-8f2a-9bf77b72a073,Komodo Rajin Sholat,https://play-lh.googleusercontent.com/a-/ALV-UjW7a-GbzPUJwNjC9viRPVLtGUD_WVNuwp-GqPuhnzE1m8kEuOU,game aneh,1,0,,2025-09-03 09:25:43,,,
3479d420-36f3-4c02-b0e2-b919812f3404,Afis,https://play-lh.googleusercontent.com/a-/ALV-UjXgH1lTrRgoUlgjs9poKwgL1WyagExFwYlkFreYL5gccAhnmibX,Tolong dong min anak tiri ke 3 (UB Kediri) di cantumkan di map,5,0,3.3.9,2025-08-20 09:10:27,,,3.3.9
c4cb6ac7-8e28-4375-ab53-fe40e671c16a,erliana susan,https://play-lh.googleusercontent.com/a-/ALV-UjWBSgoGVad3BQw6_1uYcA-g09G86v_JAsPsdJmhcVzmFR33NTw,"tidak ada kolom buat login, jadi tidak bisa login",2,0,3.3.15,2025-08-13 19:30:54,,,3.3.15
adc545e3-2379-49a4-a0a7-285926842563,G_FADYA NUR AULIA,https://play-lh.googleusercontent.com/a-/ALV-UjUkPbC6sulg_dMCAyY9cbC9xBdRptjtnCVvP75ayyYbHsQgGufI,"Fitur-fitur yang tersedia memang sudah bagus, tetapi saya selalu mengalami kendala saat mencoba login di IAM UB. Meskipun saya sudah memasukkan username dan password dengan benar, tetap saja saya tidak bisa login dan malah kembali ke halaman awal. Mohon kepada pihak aplikator untuk segera membenahi fitur login aplikasi ini. Terima kasih 🙏🏻",2,2,3.3.14,2025-07-10 14:34:53,,,3.3.14
9d962883-fc9b-4722-b2cc-4519aff8e41b,Maysa Pury,https://play-lh.googleusercontent.com/a-/ALV-UjUw4jH-wfxo4zhOS8Tf7HOlV504ti4i72WeHRw07q2gxNZgoOY,"Gagal login terus, udah coba hubungin help desk nya, udah di kasih solusi malah sama aja. Pasti ada bug di aplikasi nya ini yang bikin gagal login, saya udah ngikutin arahan petunjuk dari help desk nya, tapi tetep gagal login. Tolong bug aplikasinya di benahi.",1,0,,2025-07-07 11:31:00,,,
57284ae0-841e-4bba-86a8-3cf7acd45b8a,wooo,https://play-lh.googleusercontent.com/a-/ALV-UjWc90cjK-zHObHJULlI02SFq2-xpWF7uo4I49-fHh-tPH-iXcSu,udah login harus login lagi. gabisa masuk karena harus login terus. tolong perbaiki.,1,20,3.3.14,2025-07-05 17:05:39,,,3.3.14
9054699f-4bcb-47e0-8e08-0e8a2ccd261c,Alan Dika,https://play-lh.googleusercontent.com/a-/ALV-UjW-mBfHQdn29AJ8-Qphs0o1UnK_gRC1G_af1p1MemaCTQWVBGWG,Lemottt kali,1,0,3.3.9,2025-04-29 10:39:01,,,3.3.9
20e21d3f-0383-4e90-a548-531c98280ec5,ario seto,https://play-lh.googleusercontent.com/a-/ALV-UjUi0w0Bx8D2z4PekMYqdWWNUwSHqmTRHICWFwsdoxOOgRejqTxx,"aplikasi yang menghalangi mahasiswa belajar, mau login eh katanya password atau username salah, padahal udah coba di siam masih bisa, di gapura aja yg bermasalah",1,12,3.3.9,2025-03-19 08:47:53,,,3.3.9
8c0ad7af-51aa-4309-b8f7-fcf4fdc418a5,Chelsea bhatari waluyo,https://play-lh.googleusercontent.com/a-/ALV-UjVlbS3qMV6VJApRu2Lnhl1WbPORVYrpkRP8a6z9NdjdYN_vkRI,"Kenapa sekarang gapura tidak ada notifikasinya, tolong kembalikan notifikasi gapura. Terimakasih",2,2,3.3.9,2025-03-11 09:50:35,,,3.3.9
27fcfc79-ab2c-41f2-a2f9-d2e1bee09f60,Rhio Arhastio,https://play-lh.googleusercontent.com/a-/ALV-UjVbmUImXKamN3fJ1mfTonwnBOVtPABPoCJtZhZpLU9QRp6Go5lO,Tolong untuk presensi dibuatkan notif kembali agar dapat diketahui langsung dari notif bar HP sehingga tidak tercampur dengan notif lainnya.,3,1,3.3.9,2025-03-04 21:16:25,,,3.3.9
be15b648-975c-4b28-9639-18fbb19cfe2d,Akbar Volandra,https://play-lh.googleusercontent.com/a-/ALV-UjWvoy0QGbD3_Bbf3ZGOTn7ekAiAZXk2AVi-EOkdjbHbVpSqtEgd,"Gaada notif, bisa diperbaiki absen saya 5 alpha gara gara tidak ad notif padahal sudah saya aktifkan notif di pengaturan",1,1,,2025-03-04 08:14:21,,,
e1155bbb-6275-46b3-829a-ab217d92ed91,Muhammad Andra Dzaki,https://play-lh.googleusercontent.com/a-/ALV-UjXfvBxuytPSw-5drN4maM4U0xYRk_NLnkzAL0H9gkWU9Ea4USyu,Tolong dibuat agar bisa mengatur dark mode atau tidak,5,0,3.3.9,2025-03-01 08:33:19,,,3.3.9
09c24d58-1ccc-4800-be24-16c733fea56b,Angger Hasif Wijaya,https://play-lh.googleusercontent.com/a-/ALV-UjU-4OryIY87f0o9vJVzArYVLh15Cc4qG0gtfdkrKyypOBe5fPtnjQ,Mohon maaf sebelumnya saya mau Log In tapi tidak bisa karena ada permasalahan padahal sudah ganti password tapi tetap tidak bisa masuk. Saya gak bisa absen kalo seperti ini caranya. Tolong perbaiki segera pelayanannya ya,1,0,3.0.17,2025-02-09 16:19:11,,,3.0.17
97ace1ea-7431-4ff3-a4f6-c5002a8f4e96,Lasya Nurfitri,https://play-lh.googleusercontent.com/a/ACg8ocIdAlFSMa524zMMsN4mb2P56-8DxiVxXcDrcnhWVzboatHOhw=mo,"gabisa login sama sekali, udah ikutin solusi dari help desk nya tapi tetep aja...",1,1,,2025-01-20 18:29:37,,,
6ba80f61-25e3-46df-9166-1cfc194eb6db,irsa nugraha,https://play-lh.googleusercontent.com/a-/ALV-UjW_mxEF5upR_5VN4Rw3mbvk8s2mKO9adABaNg7iVj8eXP-xbvbh,aplikasi lawak,1,0,3.3.9,2025-01-03 08:04:21,,,3.3.9
0bdd56f1-bd9f-4278-bc59-9b8486cb03f1,Samiya Padmarini,https://play-lh.googleusercontent.com/a-/ALV-UjWHy--5lU0_i-MbKKT351zYrd62RKG1hsk-dy7aaycz8ISkV38z,lag trs,1,0,3.0.17,2024-12-09 13:24:00,,,3.0.17
2b39970a-14d1-49b6-ad24-864d47778c58,Rizkia Salsabila,https://play-lh.googleusercontent.com/a/ACg8ocLnlUlvFGbguhHYA1h-oRaB_hN_RTall2D8DNByfaOUlCihKA=mo,"Setelah update tambah lemot, bahkan mau masuk laman login saja tidak bisa cuma blank putih saja. Jadi banyak absen yang alpha. Tolong segera diperbaiki ya min",1,3,3.3.8,2024-11-21 16:34:35,,,3.3.8
21056b7b-34c9-4650-ad4b-cc235bc346fa,FaridHidayat 95,https://play-lh.googleusercontent.com/a-/ALV-UjUZHgtJ4reb-c9T0HkfB9hdk-G7DP_5DZYUWdqL-wEQwU2YP_sJ,Setelah update jadi lemot. Sekali masuk sebentar sering force close,5,20,3.3.8,2024-10-31 17:51:27,,,3.3.8
fab6a722-19b6-4d88-94fe-f55c9ae5262d,Ghaitsa Al Ghazali,https://play-lh.googleusercontent.com/a/ACg8ocIivbSa5jed67LifrbS0u3veeCG4hSlOfcUmF-LXjR7c9O7a8c=mo,"Tolong diperbaiki lagi sistem nya, setiap ada yang mau absen ada saja kendala yang dihadapi mahasiswa seperti aplikasinya eror. Mohon ditingkatkan lagi supaya mahasiswa kedepannya dapat lebih mudah untuk menggunakannya secara efisien dan hemat waktu.",1,45,3.3.8,2024-10-29 11:30:17,,,3.3.8
c02ca224-a141-4744-938e-405ccc2fd96a,03_Yuan Sidiq Finanda,https://play-lh.googleusercontent.com/a-/ALV-UjXIVCkHJfo2LEZ_2D-o0MDiPBSthzhkXL5U4_OeZ2EeBF0DVIU,Tolong dong diperbaiki setiap mau login gapura gabisa langsung masuk terus terusan error gimana mau absennya kalau gitu taku keseringan telat absen. Minta tolong segera diperbaiki saya merasa sangat kecewa dengan pembaruan sekarang,3,11,,2024-10-25 10:58:40,,,
9b4227c5-cb2a-42ea-a879-e1fef0234df5,Videlis Prabinuel Abi,https://play-lh.googleusercontent.com/a-/ALV-UjX2_T2MnzkqTdujkbPmDGzPgds8TdwcwCB8mvsSDvDmmCk2qBDR,DIUPDATE TOLONG!,1,0,3.3.8,2024-10-17 12:23:49,,,3.3.8
a6f9e543-9b8b-4bc8-aef3-fdbfea7a231b,Liiiaaa,https://play-lh.googleusercontent.com/a-/ALV-UjU8Bz7RwQ9ftZzc-gGUyGxALlkX_bHB5W5F2cQq1rALcRlqB6h0,Ga ada notif lagi sejak masuk semester 3. Jadi sering bgt kelewat absensi :(. Tolong dong diperbaiki. Makasih,4,1,,2024-10-06 17:43:04,,,
ac29f45a-654f-4007-8f4c-6ffcf348545e,Ganda,https://play-lh.googleusercontent.com/a/ACg8ocKoXG2_PZm9sXarl6WZwwQkVUKu8oFNeWnPxr1xHxFDWnOYi6I=mo,"aplikasi bermasalah, tiap masuk aplikasi harus login dulu, tidak ada notifikasi presensi dan loading stuck di survey kesehatan berujung alpa beberapa kali. resikonya tidak dapat memenuhi kuota absensi minimal padahal bermasalah di aplikasi dan web",1,10,3.3.8,2024-10-01 22:07:46,,,3.3.8
02c3dd5b-57ab-4c83-a585-dc3b5cc5f182,Syafrial Pratama,https://play-lh.googleusercontent.com/a-/ALV-UjW_T7vOuqEF8gmMl-vjENW1kg1dx_PWPUNMr2pdPdceaC5s7fWt,"TOLONG DIPERBAIKI UNTUK FITUR NOTIFIKASI, BEBERAPA KALI NOTIFIKASI PRESENSI TIDAK KELUAR. TERIMA KASIH",1,0,3.3.8,2024-09-27 15:45:20,,,3.3.8
67e909b0-9a95-4aba-9d37-1efd1b30d4ca,Yusuf Hanafi,https://play-lh.googleusercontent.com/a/ACg8ocJU6II4WcLo_fbsVjeIqh5yUeNrfUN8NbItliMJiNGV7UVXtw=mo,"tolong dibener in, eror terus",1,1,,2024-09-27 08:55:53,,,
1db35456-8bf9-41da-8948-e896e033fb3b,Zein Baihaqi,https://play-lh.googleusercontent.com/a-/ALV-UjU26ugxjmIlJQZ71cUbLSEUvZlCQcaOsMhIL0UuL3FXO2OLcw,Sangat membantu,5,0,3.3.8,2024-09-26 06:25:33,,,3.3.8
70ae32ad-83c8-47a5-9c3f-76ba1b222365,Rafi Mahendra,https://play-lh.googleusercontent.com/a-/ALV-UjXkPOV6qF0OGJ4IozBqBJbrSL0CI7sKTQt8LihMv6yheW1qScAi,semangat belajar wahai Brawijaya Muda!,5,0,3.3.8,2024-08-30 10:50:55,,,3.3.8
859832de-4517-42dc-8a8c-5279a5a024da,M Yunus Roikhan R,https://play-lh.googleusercontent.com/a-/ALV-UjVoAva16_QKf-9zpva2lprvjwGIfgZ3-8__rly7K7j-188kkQDo,"Membantu lebih mudah, hanya saja setiap masuk harus login lagi 🙂",5,6,3.3.7,2024-08-03 12:20:02,,,3.3.7
7b37c746-2e5e-4295-8964-b9b0c830016f,Yovan Faihza,https://play-lh.googleusercontent.com/a-/ALV-UjXpzAHzk7gTvCI4g2cJrlhK9QItwwpXdELRLycBODb03DuZ9e2E,"Kebanyakan disuruh login dan sekarang kalau ada absen tidak ada notifikasi, jadi sering alpha. Tolong untuk segera diperbaiki 🙏",1,19,3.3.3,2024-06-27 13:58:45,,,3.3.3
5efae898-eb99-42fd-a266-5824cf0b6266,Silvia Apriliana,https://play-lh.googleusercontent.com/a-/ALV-UjXPh1kP3CwieDfFzveZ--h-QpDSz_QrgjZY8DGbadlh-N0vD8g,"kebanyakan disuruh login, semenjak ada pembaharuan jadi ngga ada notifikasi dan bikin presensi jadi alpha karena tidak ada notifikasi pemberitahuan",1,20,3.3.3,2024-06-11 12:36:01,,,3.3.3
ce77761b-7dc5-4114-9c80-b75f03ab2601,Aizurahma Zaikir Narilla,https://play-lh.googleusercontent.com/a-/ALV-UjU8d5um1mnTSzN3IwohYOuTq_S8oxBQyqPtMMrA41rjafAiSD-A,"kenapa sekarang enggak ada notifikasi setiap absen? jadinya suka telat absen, berakhir alpha. tolong dong diperbaiki",3,32,3.3.2,2024-06-04 19:15:53,,,3.3.2
eab0e392-9ec8-4b23-bcef-0de17b565bc5,TIMMYS,https://play-lh.googleusercontent.com/a-/ALV-UjU-H3k3_FmeaEwVk4ybiM40FIgdnnzg45pN1q8rdH8xg6JIm9Zb,TETAP MENYALA UB-KUHH!!,5,0,3.2.2,2024-05-08 00:12:08,,,3.2.2
95e38993-b499-4e7b-9ea9-b6ad7aeb4199,Urzaiz Aly B,https://play-lh.googleusercontent.com/a-/ALV-UjWI5rqeKNi_i4onvtHtrKv8fNJbZZW2m6bizzNvL-7P3Wbu7L6Weg,"Bug login, gatau lagi dah gapura ub, apalagi kudu survey",2,2,3.2.0,2024-04-16 07:52:34,,,3.2.0
82b7b0fe-e803-416d-8362-e1843f793ae4,Muhammad Febri Andrean Saputra,https://play-lh.googleusercontent.com/a-/ALV-UjVgZ9zQRqZ-Tv0w6US40WB-mu-yxcXqWUAxaNmO8CgVHmn285E34Q,Bug login berulang,2,1,,2024-03-20 21:06:09,,,
c86a4c9e-a5d6-43e7-aa7f-1dfb512ff369,Septa Nova,https://play-lh.googleusercontent.com/a-/ALV-UjX1Yl7zwvIpPtWyPPR1jLZv6MTZelS_fbEye1wE4Trq_lemwnQJ,Survei kesehatan tolong ditiadakan admin,3,1,3.1.7,2024-03-13 09:51:37,,,3.1.7
1a577ede-2867-434b-9ac0-ccc67478e633,hazat putra rahman,https://play-lh.googleusercontent.com/a-/ALV-UjWaKWxD-Jq5YJaFqaszlw3otb7uKkzuI93fB2k85UVA_iudFhc,"Tolong di perbaiki aplikasi nya min kenapa tau"" sering lock out sendiri, stiap masuk gapura bolak balik login",1,5,3.1.5,2024-03-12 20:35:01,,,3.1.5
7395c13f-18c5-40ee-acc9-26470fcd526b,dian hermawan,https://play-lh.googleusercontent.com/a/ACg8ocJIKEfMhi_LYP_P65hbPawuYO93LfHiNGfkBME73JVMoPu1WA=mo,Setelah update malah sulit masuk,1,2,3.1.4,2024-03-06 17:34:00,,,3.1.4
597aa148-2030-4ba7-bd51-b117d94151ba,Irfan Rusdi,https://play-lh.googleusercontent.com/a/ACg8ocK7L4UxvOLjHmRI9PasA0Pjmbk8-S0s4SHvde7oSE9QL6eTmg=mo,Sangat bagus dan lemod sekali gapuro ub buat absen,5,2,3.1.4,2024-03-06 08:04:31,,,3.1.4
915320df-168a-4bc7-a43b-0dbee6f90b0e,soegeng ub,https://play-lh.googleusercontent.com/a/ACg8ocLBmXd1NAaY3-T2HK-FgaQJVmKMnVkpM1W2vL61oPlyFpMzUA=mo,Info-info yang membangun ke depannya lebih baik,5,0,3.0.6,2024-01-14 05:49:05,,,3.0.6
d87d3d5d-6626-4aad-bc13-76ce0b7f203a,Thoriqul Aziz Alfahri HS,https://play-lh.googleusercontent.com/a-/ALV-UjVrUEfL_xdwo2q8_FXXngGfKOtMLlziNxlEz-6SHtr69lBVgtvVQA,"pasword tidak singkron sama dengan pasword di siam, ribet, gk efektif",1,0,3.0.17,2023-12-19 00:23:40,,,3.0.17
c718ed22-5d48-4681-8924-72cea0b246f3,Fadhil Hamdani,https://play-lh.googleusercontent.com/a-/ALV-UjWbMYLU3e5Tcs08ZYVGCptYkl72aDwMl02AR8hkw21J9avi5EtT,Sebaiknya Proses Login dilakukan 1 kali saja bukan setiap membuka aplikasi dan survey kesehatan sebaiknya dihilangkan,3,2,3.0.17,2023-11-17 12:35:29,,,3.0.17
8f037e17-9a4c-43af-b176-8fbee0f890d5,Zefanya Siahaan,https://play-lh.googleusercontent.com/a-/ALV-UjVXC4hNwRexhz2UbwKyH6PcU2PjN2V9omyAxRS6J8tN845Mw9jW,"Mohon dipertimbangkan. Tolonglah notifikasi nya lebih real time trus ada suaranya gitu, biar ketahuan. biar ga kelewat terus absensi. Terus kalau lewat absensi diberi fitur banding sayang banget kelewat absen mulu.",5,46,,2023-11-16 16:37:04,,,
403a5b6c-4dfb-4b2e-9515-a13d6a73b5e7,Charish Malik,https://play-lh.googleusercontent.com/a-/ALV-UjVIfjUPKZiyGp17n3VZsGwRSDRlEdWqWiLSa5JYW0quuqw32sy2,1. tiap masuk harus login 2. notif ga masuk 3. Survey kesehatan bikin lama 4. Bug server kadang ga bisa masuk sama sekali,1,9,3.0.17,2023-10-31 15:29:26,,,3.0.17
cd8269fc-5a81-4b06-a6a5-07f25eaf33bb,M A S,https://play-lh.googleusercontent.com/a/ACg8ocJ2Lep6O5qSPEj511l7-BsAfaetF-OF6nCBsYNo7TuDakgUEJAj=mo,Baik,5,0,3.0.15,2023-10-15 00:51:51,,,3.0.15
0979e843-b324-4b60-8fe1-a203ddca5cc6,Bariq Zaky,https://play-lh.googleusercontent.com/a/ACg8ocIIegzYH8Viy6tJQQwALqELWo0pRvrWPa668UTMtEIkmTEIpQ=mo,"di update malah bug, jadi alpha deh, nah trus juga masa setiap masuk gapura harus login lagi sih aneh, buang2 waktu. di bikin sekali login aja lah biar enak, sama bug nya tuh di ilangin, tolong setiap update minimal ada bug yang berkurang lah,",1,35,3.0.12,2023-10-06 09:13:24,,,3.0.12
1347145d-616f-4f7f-816a-1ce10721a5b3,Anshar Ops. Private,https://play-lh.googleusercontent.com/a-/ALV-UjW8BO_tvUv3d38ZeeHQoJajBp2l7lrtkikoMUBcOD6Qs6hymEJh,"Kalo update jangan hari kerja laaa, absen dosen cuman dibuka 3 menit doang login kaga bisa jadinya alpha. Belum gitu harus repot bgt harus berkali kali login dalam sehari.",1,3,3.0.12,2023-10-06 08:23:12,,,3.0.12
bde86b7d-82b4-438b-af29-d41b2ac60b1c,Rossa Ihza Tristanti,https://play-lh.googleusercontent.com/a-/ALV-UjVV2LRcogwIfg9CRnOrqLclMfumcWm-GrIkBqwsRtFZZxKm-rf4,Eror terus. Absen tidak muncul. Jadinya alpha,1,0,3.0.10,2023-09-11 09:17:19,,,3.0.10
00c49a33-85fb-4fec-8c10-754cc9f1995f,yolanda nawal,https://play-lh.googleusercontent.com/a/ACg8ocLe_-e6QUL_MxrOS0n8tjL-ionhNo5TXtVp24nbkYkU_Gwi-g=mo,"sering terkendala saat login, padahal email sama pass udah bener tapi gatau kenapa gagal terus.",3,0,,2023-08-25 14:27:07,,,
1ce15726-a798-4f12-892a-40b557515956,karita nuralis tasya,https://play-lh.googleusercontent.com/a-/ALV-UjXuVLM6MvGDqpA_wlNUws0va42TG7494UM2wIBY93k_OjxI3vXzNg,"Repot banget,pas waktu absen error,jadi telat dan di alpha😦",1,8,3.0.10,2023-08-15 14:16:26,,,3.0.10
4dc74e89-7532-4a0e-a119-1422811b2b17,Sanhani Fathirul Fajar,https://play-lh.googleusercontent.com/a-/ALV-UjUd7sdl4Ej7yQ0lOawz37yQO5GP1AoRGBTliuEVb7exqstjGAJG,"Tidak bisa login , padahal dari sistem sudah support ,email sudah benar , password sudah Gonta ganti tetep tidak bisa",1,3,,2023-08-11 11:58:04,,,
381baed4-0498-48e6-97c6-9b1dcd1b4b3b,Zidan Fiqri,https://play-lh.googleusercontent.com/a-/ALV-UjWMmcw5Yp00cze5CWvJE_l80gRUna2-oAxlBng7Xiv11qGzJp5k,"Sering Error, keluar sendiri, logout sendiri, maintenancenya juga lambat",1,0,3.0.8,2023-07-03 11:59:18,,,3.0.8
dc3ca290-666d-49b2-9b97-64f84924fed1,Yusaq Dwi Firmansyah,https://play-lh.googleusercontent.com/a-/ALV-UjWMCzcqb9JotcUJpICiDwNoQeanuEeNftKif9D1W0knxq9otqE,Tiap masuk disuruh login dulu,1,0,3.0.6,2023-06-24 10:40:48,,,3.0.6
419b00f1-bffd-4082-8888-7ee0e4fa325a,Timbul Sagala,https://play-lh.googleusercontent.com/a-/ALV-UjUITyg3hzvzeFn39EExWnszw5chTCL5AEFq63zp-WESVJ2vIKHN,"Loading terus, udah pake wifi kecepatan nasa juga tetap loading",1,1,3.0.6,2023-05-25 13:49:45,,,3.0.6
b85f6122-06b4-4b5d-ae08-c280b05ec0d0,Tang San,https://play-lh.googleusercontent.com/a-/ALV-UjVa7xTNFq9Ds0HvUlpUoktf1zYVRzQliM-tGrkA8sbvN1ibyvph,"Udh update yg verse terbaru tetap ga berubah,saya seringkali kelewatan presensi karna gapura nya loading terus bolak balik login sama aja,padahal buka aplikasi lain lancar aja",1,8,3.0.5,2023-05-15 12:53:46,,,3.0.5
0835c761-f015-4d8d-a817-2bae7754d782,oktaaa,https://play-lh.googleusercontent.com/a-/ALV-UjW4AOKFxvcFJST_0UPHltx210dR6TdO0nxeaS7xiPx4c4PKTvAh,connection time out mulu,1,0,3.0.5,2023-05-13 12:00:44,,,3.0.5
0fd1dc4f-c8cf-45f5-9025-9a3814e23d11,23_ZakyWafi Firmansyah,https://play-lh.googleusercontent.com/a-/ALV-UjURwn8xMImIa8KB3wfdbW-oFTwk1CA6Gi9O_6px1cyp8PYsDmyT,Saya Sudah Pencet Hadir (luring). Besoknya saya liat malah Alpha. Padahal absennya jauh dari deadline. Sepertinya ada bug🤔,1,3,3.0.1,2023-03-27 17:02:49,,,3.0.1
24ef9540-05c1-49f6-aa82-a7dda80da481,fidia F'D,https://play-lh.googleusercontent.com/a-/ALV-UjVIe4A2ZZJVweO2XTFxjE-dLf7vHVEGd-C0w8aDtg6_YuYMRqE,👍🏻,5,0,2.0.39,2023-01-15 17:03:08,,,2.0.39
97a6b0e6-d1a0-46d6-bd09-1a1fb6348794,Elisa Napitupulu,https://play-lh.googleusercontent.com/a-/ALV-UjUCgCDpQZ7M_om-ev9Hpf6dQAW2qI7fvxU4_bjrZj8D5Pxg79k,"Padahal password bener, tp ga bs login,",1,1,,2023-01-03 09:18:13,,,
350976b1-1c74-49fc-8515-f571f035753b,f err,https://play-lh.googleusercontent.com/a/ACg8ocIs-_zjem7Gb9Qhe5RWyk7zgcyhbvZ9QfWGDMl9coBis-RFgw=mo,"Saya alpha 3 kali krn aplikasi ngelag, kenapa sih masih perlu absensi online? Belajar sudah luring, dan juga sudah ada absensi dikelas, menurut saya kalau sudah ada absensi dikelas, tidak perlu lagi absensi di ub",1,3,3.0.1,2022-12-17 16:51:35,,,3.0.1
bd952a9f-78f6-4b42-829b-0bd15894ed3a,G Tiga,https://play-lh.googleusercontent.com/a/ACg8ocLZMOS5UYaDCUJWemULnCGPkSBUzuHmo_zR4D3pzQBLCmYLgA=mo,Aplikasi banyak bug,1,0,,2022-12-11 19:53:23,,,
a1facbc4-0717-4e97-b1d1-2dfd54a07759,Muhammad Adam Reyhan Firnanda,https://play-lh.googleusercontent.com/a-/ALV-UjW6VfW_ADrgIM6bs1iS6fRBd2jIvAzvKKp6FwQ1QPEiZWVKd_ipaw,"Proses login sangat susah, sedangkan terdapat beberapa matakuliah yang diharuskan untuk absesnsi di aplikasi gapura, akhirnya absensi terisi alpha padahal saya mengikuti kelas dari awal sampai akhir, sangat menyusahkan.",1,4,3.0.1,2022-12-08 15:44:55,,,3.0.1
8e133fe7-7b56-4968-b949-4cc1ac3731b4,Safira Qurroru Aini,https://play-lh.googleusercontent.com/a/ACg8ocKZA2xT0mKERqVsD7_CHh_6uP3eQIu2OGvd64fBs0ZIW76c=mo,"Bikin kesell, masa masuk nggak bisa2 padahal lewat google siam sama gapura bisaa, berarti passwordnya kan benerr error nihh emangg, percuma download",1,0,3.0.1,2022-11-02 15:52:17,,,3.0.1
a0a0522e-d49d-4ab1-add7-772ddeeecafc,Wahyu Eko Prasetyo,https://play-lh.googleusercontent.com/a-/ALV-UjU8XGf2H__MK2iPLPo_CaM0u9jeRRLWbF5usIr0zCbt0DFV4UxzZw,"Sudah ganti pasword di siam, tapi di gapura kalau login harus tetap pakek pasword lama",2,3,3.0.1,2022-10-03 12:40:38,,,3.0.1
1d3791a6-3ff6-4be1-a35c-10152a19ab2e,O_Surya Dwi Robbil Amin,https://play-lh.googleusercontent.com/a-/ALV-UjXS8b26R1GNkvSDyqF0wPrfc3Txopq3rQYI_udzucaDSi_7Cl-H,Yooo,5,0,3.0.1,2022-09-29 04:24:03,,,3.0.1
f6d00a10-5a2f-4204-a453-f24ab8a908e4,Almas Ilham Handaru,https://play-lh.googleusercontent.com/a-/ALV-UjU1A_3rkZltw_lgT10dILaO0kcUwtP_HssUzQsDaNr8Nblt5I5y,Gaada notif kalau absen :),2,0,3.0.1,2022-09-12 17:53:39,,,3.0.1
2a0e0d88-4200-45ed-9833-a5ab068e9b08,Daniel Juniro,https://play-lh.googleusercontent.com/a-/ALV-UjXzEjGUc2s6QOkh9btVLLh_MnmVwrh48pOwcZBYtztL9GGMlCs,"Masi terdapat bug saat kita login di iam.ub.ac.id, aplikasi tidak mau masuk dan malah kembali ke Awal aplikasi",2,5,3.0.1,2022-09-07 19:12:44,,,3.0.1
e80c5946-68e9-45ce-bf25-ad481270424a,Muhammad Rafly Adhi Nugroho,https://play-lh.googleusercontent.com/a/ACg8ocKoMxH48VZYIK8yIydhquLsOH9kKz4WvwEiK98pruUW9Rk65GCG=mo,Semenjak ada survey kesehatan di tab presensi online jadi lama loadingnya,5,4,3.0.1,2022-08-23 13:33:01,,,3.0.1
ce77e12d-9c1a-4733-9857-6f6844bccd12,Della Akhidatul Izzah,https://play-lh.googleusercontent.com/a-/ALV-UjUK-b6y7K-n5KMI0j9NC9OvchYvXPaumaipgiKNXwhR8-HAukDz,Aplikasi sering crash dan logout sendiri,3,0,2.0.45,2022-08-22 13:06:13,,,2.0.45
7a5b5209-0e97-48ab-bbec-80dcec209999,Arif Khoirudin,https://play-lh.googleusercontent.com/a-/ALV-UjXEre4b0564lG-VdH3vGvuXscHpYld0YIy4GLUcueWHvg-V86to,utama,5,0,3.0.1,2022-08-10 08:17:03,,,3.0.1
a271da7f-336e-4d98-b1a8-72b21b427a79,M Arif Kamal,https://play-lh.googleusercontent.com/a-/ALV-UjV6O6Ws8KQ9uCWmYVo5WIGiMOa-JUi6XqQpommWoXEJPmpaqCg,Susah check-in.,1,1,,2022-08-04 08:17:34,,,
55a3a82c-a42d-4a5a-b4d4-5ae8d0fdca6e,Erik Santoso,https://play-lh.googleusercontent.com/a-/ALV-UjVzPeuKoUgu9BjPpkhukiJg0CihgqjGtmq-EZ_RUFBaIUxHEHI,tolonglah fitur stay logged ini diadain biar mempermudah buat masuk,2,1,3.0.0,2022-07-20 16:39:50,,,3.0.0
c305abb1-e683-46c0-ad3d-6eca68879776,Hendro Gunarto,https://play-lh.googleusercontent.com/a-/ALV-UjUKEKWT40JWAfWBbXfRNNr2QHKAO2rlZioL9nER14xiisDrGz5K,Bagus,5,0,,2022-06-22 13:39:59,,,
90c42328-bccc-47da-a3c6-6d8854354ab7,Shofwan Shofw,https://play-lh.googleusercontent.com/a-/ALV-UjWcshx67zC0ay7ImwxlENh7xs9lAsvGgZUehYZOkJabUC_dEJo,Top,5,0,3.0.0,2022-06-22 00:34:20,,,3.0.0
b3ad7362-5773-44e6-bacc-4c88258de98e,Fitri nur Afina,https://play-lh.googleusercontent.com/a/ACg8ocIu5o772VFv3ymnwepW9JIzTLTqpVD6NgCqNHsaNcdRrwAKuA=mo,"ribet, hrus login terus setiap kali mau masuk. bisa lebih dibuat praktis?",2,4,2.0.54,2022-06-19 17:27:31,,,2.0.54
dd897351-3dde-479d-aaf8-800e411784dd,Juju,https://play-lh.googleusercontent.com/a/ACg8ocLpI1R7_EGIVgnevjtsu_JldO5qQkjTQN3vpTeYcEb1-Edfpw=mo,Very handy,5,0,2.0.62,2022-06-07 19:35:43,,,2.0.62
d4716879-168a-4aeb-b63a-fb7fe6cdf8a2,Muhammad Rizky,https://play-lh.googleusercontent.com/a/ACg8ocI_xEegnreebZkEvU4JuRg2MawYN2N4hRJ3botcd8jidC-j6w=mo,"tolong di perbaiki ya, jangan buriq",1,0,,2022-05-25 08:01:41,,,
319f8af1-82f9-4a94-afd7-d87cd58a5c44,Ragil Indra,https://play-lh.googleusercontent.com/a-/ALV-UjX6pkOjahd444z5cDEb3_t-NAFKY5PBZEE34-99RHkk8OU4ADeO,"Tolong agar tidak logout otomatis, dan bisa membuka link dari pengumuman kelas, buat apa ada pengumuman kelas kalau link meeting gak bisa dipencet",1,5,2.0.62,2022-05-19 09:30:50,,,2.0.62
1f11eedb-b5d7-4de2-b5ea-d52f043bc18d,CAGIVA AFIFAH MUYASAROH,https://play-lh.googleusercontent.com/a-/ALV-UjVMWIqfZgQHtCLXCr2G33s4HHaHsQU5ouz175jVBQwSPwzmeqOj,"Sering logout sendiri, saya coba pakai device lain malah tidak bisa login, padahal sudah saya cek berkali kali tidak ada kesalahan penulisan, tidak ada notifikasi masuk, survey kesehatan loading lama banget padahal sudah stabil jaringannya untuk menjalankan berbagai aplikasi lainnya, saya sampai alpha 5 kali karena tidak ada notifikasi masuk, tau tau sudah terlembat, mohon untuk diperbaiki lagi",1,19,2.0.62,2022-05-17 11:37:37,,,2.0.62
3314e257-790a-4f94-9484-4c134a0515c5,Muhammad Faturachman Tectona,https://play-lh.googleusercontent.com/a-/ALV-UjVrAzaGJLaSeLQ-2K6fa_6fgAM0CQlHGCCaB_7CMRWJ7I_zqE_ysg,Untuk aplikasibga mungkin bisa dibenarkan karena beberapa kali sering logut sendiri. Semangat developernya 👍,2,0,,2022-03-31 19:43:46,,,
d5d35269-26d9-424f-89e4-9c2529d7eb6a,Alvin Maulana Ramadhan,https://play-lh.googleusercontent.com/a/ACg8ocI8qDdm1-KSM8YLLFl3FjTZY-wm0GPLBe2Z8IZXUQ0WzNifTQ=mo,alpha 5 kali gara gara error dan gaada notif,1,0,,2022-03-31 09:47:04,,,
d9302e6b-546f-4e7f-98ba-bc897af9e413,M Arroyan,https://play-lh.googleusercontent.com/a-/ALV-UjUgowRFcZvIJSxHYzLY33pp-LPgMrNYY5hvS7Ojv6Nl0CehO5U,mantap,2,0,,2022-03-27 14:13:05,,,
b3e6a40d-88a0-49dc-ae79-69f8ac59c6f2,sutiono sutiono,https://play-lh.googleusercontent.com/a-/ALV-UjUjgfjPiNVAV7ggpX4bjR_3x2v5JKhIDq_zyL3tz8we6C7Sp6ZFvg,Bagus juga,4,0,2.0.61,2022-03-22 14:46:37,,,2.0.61
528b6d93-beb8-4c34-a717-9b5170c08a7a,Jordan Gideon,https://play-lh.googleusercontent.com/a-/ALV-UjVKChrMkCoVicLSVdWUZ9LLyjXbjECT92C9Xuvw6QeujTMqws63,"kacau survey kesehatan, masa covid tiap jam 😔😔",1,0,2.0.60,2022-03-19 23:24:13,,,2.0.60
c2cc1a45-de6c-43e0-a14c-5f4818a038a9,UlaAca,https://play-lh.googleusercontent.com/a-/ALV-UjXIgZPE2pod_Q0qnipbXuGKCPrZf-sDTlI3gDOkGI4INwxQndFu,"Tolong lah developer, jangan log out sendiri, saya alpha sampai 4 kali lohhh, notifikasi keluar kalau absennya sudah kelewat, pas mulai motifnya gak semua matkul ada",2,22,2.0.60,2022-03-17 15:14:26,,,2.0.60
10322cdf-72e8-41ec-88e7-7d518cf876dd,Roihan Abdulloh,https://play-lh.googleusercontent.com/a-/ALV-UjUazl8pH8cQNzIDo4EPmqSljtYxeO2iPnqHfAVF8tqRtW2qognQ,"Setelah update, jadi tidak muncul notifikasi presensinya",3,0,,2022-03-16 11:21:20,,,
a4deb401-d000-44df-88e3-5526475a25c0,hendro gunarto,https://play-lh.googleusercontent.com/a/ACg8ocJhNJTfFK3KLn5z3u9agDov7ixoLmwWUqhrDCcQ5tPJtISFWA=mo,Bagus,5,0,2.0.60,2022-03-14 08:37:29,,,2.0.60
c1307b6b-b4d4-4f64-9544-a05b571b48fe,Mochammad Roviq,https://play-lh.googleusercontent.com/a-/ALV-UjU-7XeJMoEgpTw_bgSLppP0uKe_9EqAxdOghlexONmxlRp3Z7xD,Topbgt,5,0,2.0.60,2022-03-09 20:12:05,,,2.0.60
84ecb4dd-4b06-40bd-8168-72ed17525eee,Muhammad Faris Rizki Pratama,https://play-lh.googleusercontent.com/a/ACg8ocL4qOO2jPK-Ufu5F2azjenWM5uKtgPkGI--ViyomtF4gfawMQ=mo,"Mohon diperbaiki lagi min, untuk presensi lewat siam terdapat kendala terus",3,2,2.0.60,2022-03-08 08:36:30,,,2.0.60
3b6350ae-3f82-4517-8457-c1e008d03ab7,Ulinnnuha Widiatmoko,https://play-lh.googleusercontent.com/a-/ALV-UjVwt1lS3GNLxzOoC-awZqS8MRy3cOx3KIIZc90vyKWYhT0GIRO_,"Kadang bikin mangkel , tapi ya ok doang.",3,5,2.0.60,2022-03-08 07:48:44,,,2.0.60
3fc50bc9-1e89-4642-a491-dad91e09e09d,Tri Adi,https://play-lh.googleusercontent.com/a-/ALV-UjVKC_A6-usM-a-ljZpR4ALUC2aXXmJPSThbLt7aYEqY07jx-Mg6,kurang,3,0,2.0.57,2022-03-07 17:51:01,,,2.0.57
6613578f-5067-45aa-aab3-10a117d7d6fb,Tayo Universe,https://play-lh.googleusercontent.com/a-/ALV-UjUkhMwcdUn8raU2_5DK57pIvJOg-gsC6gkf9t9dyQ7RerKAA98,"Om tolong om, mau absensi ada survei kesehatan, lama banget loading nya.. fix dong om",2,0,,2022-03-07 11:37:18,,,
161ee629-6510-4a29-8e7d-95ef9a02ec41,Lakio Juoa,https://play-lh.googleusercontent.com/a/ACg8ocKh_jzIUS-q_G7MG0jI7DbbJn6x3YoFTytDL7dej9KMBaUxTA=mo,Tolong diperbaiki ketika akan masuk selalu akunnya tidak tersimpan membuat kita harus login ulang setiap ingin absensi,1,0,,2022-03-07 09:17:13,,,
489cac59-39e5-4ac1-a705-1807acaa8502,Ferdinand Pratama,https://play-lh.googleusercontent.com/a/ACg8ocIRrBfblpsONHtDWwl6hmQ7QWK3U4eHS3Civ_HOiHUjlQEOetU_=mo,"Saya alpha 4 kali gara2 gak bisa absen, loading terus. Padahal saya cek jaringan lancar banget gak ada masalah. Tapi mau absen aja susah. 30 menit ditungguin gak selsai loadingnya sampe waktu absensi habis. Gimana ini tolong",1,22,2.0.60,2022-03-07 08:37:46,,,2.0.60
e6795dd7-a5d2-47ed-b917-3cc46d260702,Ahdiyat Rizaldi,https://play-lh.googleusercontent.com/a/ACg8ocI1UYyl-5AUxJDWy_uxwp8hJ4c1b774zgiKlmRHHqk9y-BnTA=mo,"Tiap mau absen harus login lagi, lama. Kemudian kenapa harus survei kesehatan tiap hari, bikin lebih lama lagi buat absen.",1,2,,2022-03-04 08:09:52,,,
37f2efa2-ebe5-41df-a67d-13fc2d7a9eaf,Rendy Waskito Kurniawan,https://play-lh.googleusercontent.com/a/ACg8ocI2LW6EMcBByFyEot_CSAXf6lNT_ed84iYWHXQ5_UsQWjnVqw=mo,error terossssss,1,0,,2022-03-04 08:06:32,,,
446404ec-b2ee-40ce-8d29-48c361bdbe34,Mochammad Yosi Pratikno,https://play-lh.googleusercontent.com/a-/ALV-UjWvIxiTNrWfUX5j_3os3yHdMU4-xLvL2ShGEbA2m3Ti3SjmNFuJ,Loginnya gbisa dibuat selamanya gtu ya ?,4,0,,2022-03-03 15:46:57,,,
0226c302-b1c3-4a16-8c12-569c560fc8ff,Lilik Eka Radiati,https://play-lh.googleusercontent.com/a/ACg8ocLqN7NlWrmliN7k1_XK-y270b0XF2AWqts1TyYwFlAjk2hPGw=mo,Good job,5,0,2.0.60,2022-03-03 05:22:06,,,2.0.60
1b9ff080-d761-4231-8f7e-a94317e0ba8a,Indra Nst,https://play-lh.googleusercontent.com/a/ACg8ocK_DaKbZIpKeu4l6bq4g2FvFHKQfh_MP_dIuaDNs6vjeVSE4w=mo,Mohon lebih ditingkatkan lagi fitur fiturnya dan lebih detail lagi ...,5,0,2.0.57,2022-03-02 18:37:37,,,2.0.57
9c6bcccf-863c-40c6-a86d-bd5b121b6394,gamer and hacker,https://play-lh.googleusercontent.com/a-/ALV-UjXgV4Lfdpf2-ihhEwesG8mLiJVM3oQSu6iyYnL4Db3Y_DH1CNg,Makin ribet pakainya. Mendingan yang versi dulu sekali,1,0,2.0.57,2022-03-01 11:29:59,,,2.0.57
5dbb5276-5d45-4fb7-a66f-e89063ab716e,Iza Erviana,https://play-lh.googleusercontent.com/a-/ALV-UjWlN6KqGh2PrfZiXk2jCTpahrQhcRmDZVUl6jonolmPuP14b79qrw,"Tolong djperbaiki, masa tiap buma harus login terus, dan udah 2× eror semingguan lebih",3,1,2.0.57,2022-02-25 22:30:53,,,2.0.57
8ae621a1-6c50-49c7-ba97-223965816c5c,bari alif,https://play-lh.googleusercontent.com/a/ACg8ocIsJinsjsMATyUzKL7kDHbEqjkYoiMk7vgn3d12wEIme3o0Vg=mo,"SURVEY KESEHATAN TERUS TIAP MAU ABSEN, PADAHAL UDAH NGISI TAPI TETEP AJA MUNCUL TIAP HARI, MANA SERVERNYA AMPAS, PADAHAL DOSEN CUMA NGASIH 5 MENIT BUAT ABSEN, ALHASIL JADI KELEWAT ABSEN GARA2 SURVEY KESEHATAN YANG SERVERNYA AMPAS, BAYAR UKT MAHAL2 TAPI FASILITAS KEK GINI, HADEHH",1,0,,2022-02-25 09:51:39,,,
31ec578e-93b2-4942-a93c-c6bd40315194,Rizky Danar Prasetyo,https://play-lh.googleusercontent.com/a-/ALV-UjVklHIZ9zrm7ML3Bmz129dmPNNfpeo8fmaJoAXKz8dq6LrE8qQ2,susah banget buat absen,1,2,2.0.57,2022-02-25 07:20:26,,,2.0.57
040c1236-5096-44e9-b544-91b25376d4ea,satria wahidz,https://play-lh.googleusercontent.com/a-/ALV-UjXOKMIQheLnzXe07b9Cx9e1mgy7yOPwXoFjIgjDrsmcwyNR8kw_,Tolong diperbaiki masa habis login keluar aplikasi keluar2 sendiri jadi susah gk efesien. Untuk it ub tolong diperbaiki ya agar user nyaman,1,7,2.0.57,2022-02-22 08:40:52,,,2.0.57
381211dd-a85d-4bc5-9722-121822c67b28,MUHAMMAD RAFLI,https://play-lh.googleusercontent.com/a-/ALV-UjWT2-ZnZDonnPfog8q5q83kTr9jFDfxIy5M6TTxzTGmgO5evQbQDQ,💙,5,0,2.0.57,2022-02-17 11:17:31,,,2.0.57
b7ec6aa3-c4c2-4f23-ad5c-422732bea356,rakha jatindra,https://play-lh.googleusercontent.com/a/ACg8ocJwBHmIYoLfM796V8wUnkLtlkC_imoq3mqSOkTU6T2ay4fKIQ=mo,Kenapa harus login ulang setiap masuk?,1,0,2.0.54,2022-02-14 08:16:54,,,2.0.54
2cb18f24-05be-416e-a9a4-83138a084575,rijek,https://play-lh.googleusercontent.com/a/ACg8ocJRAToxZFGY_kwKrlDarLJAn-6aTDfqHgjRyhK89EnrvEQ4tQ=mo,Suka logout,2,2,2.0.54,2022-02-10 19:21:29,,,2.0.54
0f06b151-fde0-48cd-b76a-69f0f8620eb5,Psy Azz,https://play-lh.googleusercontent.com/a-/ALV-UjXM--EYPESjmbAtzVSEPezE67fstXHURs72HkWoDZymYrjwlrkO,"Setiap kali mau masuk harus login berkali-kali. Walaupun bisa remember password, tetapi agak terganggu karena sistem login nya yang terlalu lemot. Ada sekitar beberapa detik setelah masuk aplikasi baru kelempar ke halaman login. Saran saya tolong kasih opsi stay logged in supaya tidak repot² melakukan hal di atas.",3,73,2.0.54,2022-02-10 09:38:57,,,2.0.54
22468397-dd8e-4db8-a757-e4e38314a8a9,diajeng O P W,https://play-lh.googleusercontent.com/a/ACg8ocJkXC21YAfXzyJX11RXPA4t9jkbWtF2E0fTJ-TO9l_1o5ckGQ=mo,"Sering banget harus login ulang, pas absen sering load terus... :(",2,1,,2022-02-09 08:54:42,,,
223b5053-1beb-4c44-9c79-6d3381ec5a59,Hafidz Indirwan,https://play-lh.googleusercontent.com/a/ACg8ocJk7jIVRHzszfCB5-2Nh9j3tvDduJwKqHuxTyd-L8AKtFJQ5A=mo,Semangat,4,0,2.0.54,2021-12-25 15:38:56,,,2.0.54
af7261c1-b15c-4965-96d3-78f16ca527e8,Hamra Tamim,https://play-lh.googleusercontent.com/a-/ALV-UjUUifoDc-UEJqmzr5Ol1F8yLHNdHoUPbFYNCdx4aFY3MNNYoqc,Ntaps,5,0,,2021-12-18 02:23:56,,,
a4c61f72-9acd-4edf-a4e6-0b783ecfece9,Nanda Fautri Handayani,https://play-lh.googleusercontent.com/a/ACg8ocLXm3p7jZ08bQrd6rZ6P0QLN3qR_6KOfCtQc4c28PWJdcaANw=mo,"Mohon maaf aplikasinya mungkin bisa di perbaiki lagi ,karena tidak muncul notifikasi,akhirnya absensi saya kena alfa",2,6,2.0.54,2021-12-13 11:54:08,,,2.0.54
3061ba05-fc62-4f0d-942a-c66443b643fe,Hanan Indra,https://play-lh.googleusercontent.com/a-/ALV-UjW-Fcx9naxtX68AG7Uff6SU2WoZX-KVh6VriceJ5HJr74Uxgjki,harus log in bolak balik tiap buka aplikasinya,1,1,,2021-12-01 11:11:49,,,
a57ff104-2bd9-4270-b9f4-1eddb92696cb,DES SANDI FERNANDO GINTING,https://play-lh.googleusercontent.com/a/ACg8ocJ_WtaGmMAeJm9PBdlZJqHMO1Cz0sMTuURpkxP7PeuNwSbZ6Q=mo,"Menyusahkan untuk login kembali, sangat tidak efisien, dan juga suka log in error. Semoga kedepannya untuk perihal log in kembali dapat di perbaiki karna tidak nyaman.",1,23,2.0.54,2021-11-30 10:34:09,,,2.0.54
9acc2bf8-ab09-4c61-a8f3-4cf2968798da,Naufal Lazuardi,https://play-lh.googleusercontent.com/a-/ALV-UjWEEJ7MnZgdIU0Yx9fkATnq-qfC_WXUj-_YO_4MWmbhPVwFHkoNsA,Alhamdulillah,5,0,2.0.54,2021-11-27 07:41:10,,,2.0.54
f9c994f8-a4a2-42ea-9231-dcf6cf934006,fauzan akhdan,https://play-lh.googleusercontent.com/a-/ALV-UjUPsTamqMDrIfFlZQSF968vNe65EkemkSuP8EP-G1XC3-4kjeTU,"Kurang praktis karena harus login ulang tiap masuk ke aplikasi, kadang udah login malah keluar sendiri ke halaman awal",1,11,2.0.54,2021-11-25 11:28:30,,,2.0.54
eac711c2-6ab3-4f85-b1a5-01d555405d3d,fatkhan ilmu,https://play-lh.googleusercontent.com/a/ACg8ocIdZBt9Q8GlBTN5S6O-acawGSWrt0FUYB_WFvRpEjVQIMt9wg=mo,"Mohon maaf, mengapa ya akhir akhir ini notifikasi presensi dari gapura tidak muncul? Terimakasih",4,1,2.0.51,2021-10-07 11:44:47,,,2.0.51
d88bf1f3-ddf0-4c7a-963c-c1777b5322e3,M Wahyu Tri A,https://play-lh.googleusercontent.com/a-/ALV-UjWQtldMLVo9Ujmwm2D16mCoxIUBK1Iz6vTvgf2OhWFj_v-qfPUL,"Tolong perbaiki ikon lonceng (notifikasi) gapura. Di tampilan ada 28 notifikasi, tapi ketika dibuka kosong.",2,2,2.0.51,2021-10-06 07:03:59,,,2.0.51
f335e660-f229-40a0-947b-9bf7c4b049b6,Assyifa Aulia Putri,https://play-lh.googleusercontent.com/a/ACg8ocK99kZwGlt5_9Cn_gzOCWsBFng4FAimBtyvmzMI7XepDbMqew=mo,Mantap,5,0,2.0.45,2021-10-03 23:55:31,,,2.0.45
8d7947f5-557c-40ee-89fb-275c69b3269d,Nawal Kamilah,https://play-lh.googleusercontent.com/a-/ALV-UjWdUttB5khXFxGPXjSfAxwlzIUPFkT5jPbxF-iRJ2QO6-OFKu-j,Tolong tampilan pra aplikasi di persingkat. Terlalu banyak tampilan intro,4,25,2.0.51,2021-09-30 21:03:47,,,2.0.51
f889fe4e-282f-4b73-b8fb-27fcb4903ccc,Arya Fitri,https://play-lh.googleusercontent.com/a-/ALV-UjUDbeB1cXinxGRc1FmD0bPga7-qhHSyotHLfj6wa4UIQfvx1Cb7,Mantul,5,0,2.0.45,2021-09-29 09:27:06,,,2.0.45
541168f8-465a-4975-9069-e67effa01b67,Sera Fall,https://play-lh.googleusercontent.com/a/ACg8ocLjyy98PE2S_Gx_PABpGwzRfDYxlQ2TBXdMgNrXVNHvRjRY1w=mo,"Next update tambahin fitur missing mid, agar temen yang ketiduran tau kalo mau dirush sama dosen",5,2,2.0.51,2021-09-22 13:18:03,,,2.0.51
cba9822f-dded-4b5b-8386-3df9abfb4941,Ajeng Kusuma,https://play-lh.googleusercontent.com/a-/ALV-UjUbnUMlGIjUga0m-veME9Awxd46TaqCXC7myxgE6VL2VVIa-l__,Saat masuk aplikasi diharuskan mengisi nim dan sandi. Mungkin kedepannya bisa auto masuk tanpa harus memasukan nim dan sandi.,5,1,2.0.51,2021-09-22 08:19:44,,,2.0.51
2fc328a6-8af2-4eda-9117-a55e6cc71d89,Fahd abdullah fadilla,https://play-lh.googleusercontent.com/a/ACg8ocJ5HpW0Dm73Chu0BS7CbPtxfwhMUwPzkGbJ8wg8A6XnBqwLOT4=mo,Naise,3,0,2.0.51,2021-09-20 17:25:16,,,2.0.51
df33b314-4c9c-40eb-a910-6f50eef03e6e,Adita,https://play-lh.googleusercontent.com/a-/ALV-UjXFSWYFdKbFl79b7o99Ab3pxBkfrwFW9iXE3f3O_rOY0BBYfLh1Yw,"Terdapat kendala saat hendak login. Ketika kita sudah memasukkan email dan password lalu klik login, tidak langsung ke menu utama. Kadang ada yang harus keluar aplikasi dulu baru bisa masuk. Ada juga yang disuruh login kembali. Saya rasa tidak masalah login setiap masuk aplikasi asalkan sekali login langsung ke menu utama, jadi tidak harus login ulang atau menutup aplikasi terlebih dahulu. Terima kasih.",4,10,2.0.51,2021-09-14 08:48:58,,,2.0.51
733dc247-a280-4f8e-883c-0f9a2a0242a3,Dedy Gusra,https://play-lh.googleusercontent.com/a-/ALV-UjXzMZXDYvJrkj2YF35PqCIwfIRcN5zcm5lY2TosNKesMKHxTg,Bagus,5,0,2.0.51,2021-09-13 10:06:20,,,2.0.51
54853ea8-f111-4563-b9bf-9687cfc07aa6,Muhamad Reza,https://play-lh.googleusercontent.com/a-/ALV-UjV7ppZtqPHdiNlteJfIfkC6WIXDWbB2-AsCbQkxwvS458_BL6U2,"Pas mau absen tiap login jd error, terpaksa uninstall dan pindah ke siam web. Tolong ukt kami jgn cuma dipake ngecor bangunan tp buat perbaiki server siam sama aplikasi ini.",2,9,2.0.51,2021-09-08 08:51:14,,,2.0.51
35d693ae-158f-45c1-9468-e39b6b0a5d1d,Muhammad Ariq Mulya Rahman,https://play-lh.googleusercontent.com/a-/ALV-UjW9ODQO80OWAaHpAoD7AvhEI6BzlVPQg3-QCE4J4OrrbhadMKk_,"Mohon untuk segera memperbaiki masalah login pada aplikasi ini, bahkan akses loginnya saja error 502",3,2,2.0.51,2021-09-08 08:20:35,,,2.0.51
aa8232a7-f413-488e-ba69-9c948d089bdc,Malik Fajar,https://play-lh.googleusercontent.com/a-/ALV-UjWjCIxhPmLen5q3qqCxfehv5ZPmrBdH9F6HlUyHglFxl8xqYTkt,Harus selalu login ulang setiap kali masuk apk,4,3,2.0.51,2021-09-08 07:13:32,,,2.0.51
2b11d771-e3fc-4dbd-ab3e-21a4c4bb81bc,Nadia Sakina,https://play-lh.googleusercontent.com/a-/ALV-UjXQbiFBLv0gRkEnvcSALFqvrWiQet116tOTSFCnINuZkIfIgyJiLQ,Perlu fitur notifikasi yang dengan suara yang mengagetkan,5,1,2.0.51,2021-09-06 06:37:18,,,2.0.51
23145ae1-19aa-4ff2-bae7-2296cd892230,Dadang Mulyadi,https://play-lh.googleusercontent.com/a-/ALV-UjU-7jr5Z4I8t4uPJzP9QfXvNVdgWyVn-VWzLNcFaZMsqqXMA019,Berfaedah,5,0,,2021-09-04 21:01:45,,,
bd535031-727c-44bf-87ee-7a3336318bdf,ramadhana PPP,https://play-lh.googleusercontent.com/a-/ALV-UjWJ8VqOU7qMggxcldw0byUhZHK0XauKoQ6drtUYQV3-WkWfzurF,"Tampilan sudah baik, namun terdapat permasalahan yang cuku mengganggu pengguna, yaitu untuk harus log in setiap membuka aplikasi, dimana aplikasi lainnya sudah dapat menyimpan info login, apabila fitur simpan info login dihadirkan maka akan sangat membantu dari pengguna aplikasi ini",3,22,2.0.51,2021-09-02 18:09:40,,,2.0.51
bf1286ea-1195-4c6e-a68a-2ed06bfbecc6,Sam Ithung,https://play-lh.googleusercontent.com/a-/ALV-UjVgL9ylmgWxeLD7YoJAQ6K_mrjBaCgofCukqVOCkMxAJXe1AqKxag,Udah baik tapi saya sarankan untuk apabila sudah log in tidak perlu auto log out sama mungkin untuk berita/informasi sering kali di-update apapun tentang lomba sampai informasi akademik,5,0,,2021-09-01 07:16:06,,,
8e42ff83-8633-40df-8347-09ee7558007b,Sangalikur Riski,https://play-lh.googleusercontent.com/a-/ALV-UjUnFejFS0ivjha-es9HYmKVyt55XsNSDEfXkH7NekrNTlFDp5U,"Butuh pengembangan lagi. Dana besar kok aplikasi kaya gini, banyak kekurangan. Mulai dr masalah login, presensi online susah muncul, dll",3,4,2.0.51,2021-08-31 18:16:56,,,2.0.51
e2e9fd4a-f206-4de8-8104-7b672b62fd13,Fayaz Hammam,https://play-lh.googleusercontent.com/a/ACg8ocKG0xe2G4xGQR9dixLpwJ0rA1Xg2U37gHKjXdbQVTi9dN7frg=mo,"gak bisa login, padahal email+password dah betul",1,1,2.0.48,2021-08-23 09:14:17,,,2.0.48
b929dce0-e309-4938-8595-1ee6f45d20b2,Adhinugraha Wirayudha Kusuma,https://play-lh.googleusercontent.com/a-/ALV-UjVrMBz_r6WLKim8-3XcRb2CxuFxGCuj68IHbGV0EueIWYTdtFs5,"Ditunggu untuk perbaikan dan peningkatan aplikasi Gapura UB, agar semakin memudahkan Mahasiswa. Terima kasih. (tambahan) Untuk yg tdk bsa login krna username/pass salah, bisa menuju ke bais.ub.ac.id lalu klik Sync IAM. Kemudian buka aplikasi Gapura UB. Semoga membantu :D",4,8,2.0.48,2021-08-22 21:28:58,,,2.0.48
0603bdef-da02-4ab0-a29e-07b821b74b5e,Ahmad Zidan Al Khoir,https://play-lh.googleusercontent.com/a-/ALV-UjU9FDuq4l6trb9bQDJ7E9RCYGswvXJkRJf9ndiglgLjp0Rn0qVRAA,"Gak bisa login, udah pake akun ub padahal",3,0,2.0.48,2021-08-22 15:44:51,,,2.0.48
0da51f7a-eb21-4b7e-a33e-e5599cf55626,Ananda Fazli Ihtizam,https://play-lh.googleusercontent.com/a-/ALV-UjUmOAAqT_OJPKkf7MVcopai04TDp-Ku-MbAmxP9EHsnyDrZAYtC,"Gimana nihh saya kok dak bisa log in padahal aku udah masukin usernam yang benar, tapi login di web bisaa",1,2,2.0.48,2021-08-20 18:43:19,,,2.0.48
5f4a0ca5-c831-4806-856c-7fbe8a869aea,Ananda Fitri,https://play-lh.googleusercontent.com/a-/ALV-UjWTlWPKllKieXhSCpsGe-9DIIqLjI7kcY9Xgl3rvOIaMS5UFFCuwg,"Kok saya mau log ij salah terus ya username sama sandinya Padahal itu udah bener masukin user sama sandinya,tetep gabisa masuk,mohon pencerahannya gimana ini:(",3,4,2.0.48,2021-08-18 20:00:46,,,2.0.48
8783bc13-670c-4a8e-9262-537fc917ac7b,Erika Dwi Amelia Rahmasari,https://play-lh.googleusercontent.com/a-/ALV-UjXxV0lpauzxOs-c1cBbFHfNazbTWvdZwireOQnuQofhuExv2yjENQ,Lop,5,0,,2021-08-14 14:29:52,,,
09ffa7d8-0046-4e72-8ebc-6eb185deee00,Tyas Utami Ningsih,https://play-lh.googleusercontent.com/a-/ALV-UjUabhXQn5nIxlRgQSt6qOGakESjmzcp2B-UjzuXfie-Tl9GwKw,"Gak bisa log in mosok, uda stgh tahun.. Coba log in d Web malah bisa.. Gmna ini min?",1,21,2.0.48,2021-08-09 20:24:55,,,2.0.48
828deba0-f60c-47d0-aad1-b56e6b610fe0,Richi Dwi Firmansyah,https://play-lh.googleusercontent.com/a-/ALV-UjWt82etyrGtMAgf8QiQoSKd31FSYm4CcwBWiog-_qcAWxzttlT-BA,So good,5,0,,2021-08-05 15:36:10,,,
f139c613-5c38-42ab-9e22-7f9c1f6f70f4,Gea Raditiniar Sutikno Putri,https://play-lh.googleusercontent.com/a/ACg8ocJVBgSKwS_9lfwZNwDXCtNed-OUFP3ebKuTdBUi_8DAK7lzwhkU=mo,bagus banget❤️,5,0,,2021-07-21 16:39:50,,,
7fad6a4e-16c3-443e-a31b-dd2d9c662426,Copper Jock,https://play-lh.googleusercontent.com/a/ACg8ocI7d7bPsNIdmewKU-ISHLPe5GgTsBsBKsv55QpviqPzSky41w=mo,"Kenapa ga bisa login, padahal email sama pass udah bener. Dicoba di web bisa",1,1,,2021-07-09 18:13:59,,,
dee5368e-6471-4043-90c1-cd776e4ca791,Evan Falach,https://play-lh.googleusercontent.com/a-/ALV-UjU92HjEtpbGPrWSwNctTzhJZGG09xuSiwW9yudMBYp-6CdpwSI,Saya log in dengan username dan password yg benar tp kok tetep gk bisa masuk ya.lalu saya uninstal dan download lagi tetap saja tidak bisa.lalu saya coba log in menggunakan NIM dan password nya juga tidak bisa.mohon bantuannya,2,25,2.0.45,2021-07-06 20:05:51,,,2.0.45
c4367235-3a48-45d0-808f-7c8f33b8ab62,Heru Purwanto Purwanto,https://play-lh.googleusercontent.com/a/ACg8ocJpDqzx7SoFIav8nZzG_ZFUX7KRkJVpxmTl1oGDn46aIbFDLQ=mo,Menyenangkan,5,0,2.0.45,2021-07-02 10:49:44,,,2.0.45
3b4c29ba-97b7-44b5-a2be-72d6d7b429b9,Maulana Lan,https://play-lh.googleusercontent.com/a-/ALV-UjU49t8EYQPByPrssobGbYO0s0hATuE9A1A2MW2BL2qMXbN-Q8A,Kok gk bisa daftar kuliah yah :(,2,0,2.0.45,2021-05-31 20:29:00,,,2.0.45
dc2e718f-d701-4aed-807a-6028222a4274,Feerenza,https://play-lh.googleusercontent.com/a-/ALV-UjVfmqp9z-GrcVOYe7OtSXFLlYFiaQs3TsrtYYAQc8FUsAg0RugCPQ,Mesti log out log out sendiri. Developernya tolong diurusin ini appnya sering banget error.,1,6,2.0.45,2021-05-31 19:28:08,,,2.0.45
41629f8d-5f77-4cb4-8a61-826b51dab0a4,Alfyasmin Shafa Aqilah,https://play-lh.googleusercontent.com/a-/ALV-UjWt3rZd9jUsdBGU0EPORbQZvftDDre6P3OBc-RBlSc4yR0wD2TI,"Sering logout sendiri, notif absen kadang muncul kadang nggak sampe absen 3x padahal aku masuk kuliah, terakhir kemaren udah masukin akun yg bener dibilang kesalahan, tp waktu masuk lewat web bisa",2,6,2.0.40,2021-05-31 07:25:23,,,2.0.40
8ce646e8-c83c-4a3e-b2fb-946cbc277dda,Dadang Mulyadi,https://play-lh.googleusercontent.com/a/ACg8ocJCtp6kjU-H1C7WJO5eawJb32kRZXXwCT4GDxfokzu2EhQw5Q=mo,Lebih bermanfaat,5,0,,2021-05-24 08:13:02,,,
00fefda7-08e9-4b06-87f0-ff3a82d16721,Syaiful Arief,https://play-lh.googleusercontent.com/a-/ALV-UjWiFVlxLCLmCv2pgyoz4d6BHXuFsfmhAyPKcomhDfVB1YLpYNPR,"Min maaf ini saya ada bug, ada di tiap satu pelajaran tahun ini saya sudah absen. Lalu saya lihat absennya sudah didata, namun ketika esok harinya saya lihat absen sayaenjadi alpha. Tolong bantuannya 🙏",1,5,2.0.40,2021-05-22 07:52:12,,,2.0.40
23506ded-c7dc-4e5e-b03a-638cec8104a9,Siti Zulaikhah,https://play-lh.googleusercontent.com/a/ACg8ocJ-1c8yM28gHkqYESkzDRvucONEg-mDGGg3OOl8hwo-ZRquQg=mo,Mantab,5,0,2.0.26,2021-05-19 10:16:52,,,2.0.26
e0b1d3f3-924f-4ff9-b3c5-0c3f104648f0,siswanto siswanto,https://play-lh.googleusercontent.com/a/ACg8ocJ09EE3CytHj3GP45_p6XVVXSQVsJPHPk9EYTMSW00E7cBqMw=mo,sip lancar,5,0,2.0.39,2021-05-07 04:59:55,,,2.0.39
bc7e01bb-c04c-4595-8dae-b4192c8aa8f0,Gia Nto,https://play-lh.googleusercontent.com/a-/ALV-UjXITb98Ie_qqKjIb8qGe_pmwux-_uijj3VMAr6BWWfqOHELZA,Lokasi ku gak bisa di buka,5,0,2.0.39,2021-05-05 11:55:33,,,2.0.39
becc4dc8-a345-4465-9bbb-cfa4c73ddc67,Kizito Adi Kurnia Yoga,https://play-lh.googleusercontent.com/a-/ALV-UjXZP_reQMoeLq1guioSJEDBuat_0mTisMDD8bdoFPVDkfVDh0WH,Sering error mulu ih app nya,1,0,2.0.39,2021-05-04 14:41:55,,,2.0.39
89ab55b2-780e-4156-b5e7-731f145ca578,Aufa Dio,https://play-lh.googleusercontent.com/a-/ALV-UjUoZowlVe6hh_A3xUeEtWABzONEagkwnECWM5tHWLGcT5AO7bv0,"Tiap masuk aplikasi harus login lagi, tidak efektif. Mohon diperbaiki.",2,0,,2021-05-04 14:31:36,,,
5423012a-d57a-40f8-9ce8-a6c2d4e18ddd,achmadbagus 1939PWK,https://play-lh.googleusercontent.com/a-/ALV-UjUDDtqoAaEEk-NRua8DRIYwUu6e6unaxZuOc-_zhUpVwipecG4,Suka logout sendiri,2,0,,2021-04-22 10:10:42,,,
bb2691ad-aa4b-4f17-9ab1-7e8571ff3828,Eva Salsabila,https://play-lh.googleusercontent.com/a/ACg8ocIUT3hsfYF6ExLeDl-Le0flbl3ukNHGJJpPFVmvcRYSa2RdmQ=mo,Setiap buka app harus login terus,4,1,2.0.39,2021-04-11 12:17:09,,,2.0.39
39310ed2-9674-4f52-b2f5-1986deebe13d,Deni Naza,https://play-lh.googleusercontent.com/a/ACg8ocIHNzc8V0EbDWQ8g5_dGJniXkWaErOYtRCUJRs1njZISJjbTQ=mo,"Benerin dong, sering logout sendiri, udah log in malah suruh log in lagi.",1,3,2.0.39,2021-03-31 11:38:16,,,2.0.39
21f0242a-cce1-4a87-8353-9391dc73034c,Aldi Surya,https://play-lh.googleusercontent.com/a-/ALV-UjUJE9izCXB3-Lq-jRsRCE6GM6HduAj0jMdamJQUKN5kli0InhBB,Terlalu sering log out sendiri,1,0,2.0.28,2021-03-25 12:10:34,,,2.0.28
d082d232-8d13-484a-b058-9aa4f1ad4195,Nabilla Zahwa Putri Amali,https://play-lh.googleusercontent.com/a-/ALV-UjXYs8FXMR9qvSRM-zpRsSsSQIVFT_Z8ewn1fWT4otcfohjp344,"Sering log out sendiri, ganggu bgt",1,0,2.0.20,2021-03-25 12:08:38,,,2.0.20
ede9f9e1-aaf5-4571-85f3-833aa0aeed9d,salsa bila,https://play-lh.googleusercontent.com/a/ACg8ocJd05vjrlZamPn9AlBYixGF9P-dpuIRtt9KF01zcsY6AY7uODE=mo,Viturnya tidak bagus. Harus diperbaiki terutama presensi absen.,1,0,2.0.27,2021-03-18 15:03:12,,,2.0.27
6140cbf0-ec62-4740-9778-c67d4c2a3d5a,Dzaki Ahnaf,https://play-lh.googleusercontent.com/a-/ALV-UjXo5im3HqU3VYDOcxSIi-sgh2m7UKzQCNNSYiBEDUv50qG3eP_C,Aplikasi yg sangat membantu mahasiswa UB.,5,6,2.0.27,2021-03-17 09:36:39,,,2.0.27
6eac6c4f-33d8-45f5-9cb7-ce299d6d0787,judo purwanto,https://play-lh.googleusercontent.com/a-/ALV-UjW59r4Btq_WqUbNSxJZOdRVmZpQqCsyB0RoBRUxLnyGJ4Eoeh3a,Bagus,5,0,2.0.38,2021-03-02 18:02:48,,,2.0.38
191f38ed-2e1a-4b97-98b4-d72916ce6183,Ilham Kahfi,https://play-lh.googleusercontent.com/a/ACg8ocJYDxFZ3nWmOele82-nTPDjukWm9zCmNzlgWcjx7KDKDxa1ofA=mo,"Terkadang masih suka logout sendiri, sehingga harus login ulang dan itu sangat membuang-buang waktu. Sudah tiga kali saya telat absen karena hal tersebut. Mohon diperbaiki.",3,16,2.0.38,2021-02-25 05:47:37,,,2.0.38
42b5549f-98bd-4ea0-b1bf-e5d02a2f6114,Andio Eka,https://play-lh.googleusercontent.com/a-/ALV-UjUF4dtALrFk28H3fJA3RjuIZdGhr5yE6bjBZLs_788J3W8Oi0qF,Gapura kurang uptodate,3,0,2.0.38,2021-02-21 17:54:08,,,2.0.38
6874ba51-6467-4aa4-9c36-b5a4711356ed,Syahrun arun,https://play-lh.googleusercontent.com/a/ACg8ocKJRDY8YpY7VC5pBUjFRp-fnr3np5Rgnb9roI8VBmOJjlhjSQ=mo,"min di gapura, kenapa gak sekalian di tambah menu adminstrasi akademik, misal permohonan surat aktif kuliah",5,1,2.0.35,2021-02-17 04:40:46,,,2.0.35
a32e6385-156c-43f7-a7fe-e174e836fcf0,Leonardo Agustyan,https://play-lh.googleusercontent.com/a-/ALV-UjVHbJRDDC2ppPqwnleF2kIHyZKv417C-eosaVfiHMEHaVrgM8PJ,👍,4,0,2.0.26,2021-02-14 18:40:28,,,2.0.26
60e13aad-2396-42ed-b0ac-a5733ec6126e,Badrus Sholeh,https://play-lh.googleusercontent.com/a/ACg8ocIx_TwIkrC-2CuRWKutccOKhRVENw2Cl_tS-EeltzrYjKAS=mo,"Kenapa saya tidak bisa login ya? Ada keterangan ""Mohon maaf, terjadi kesalahan saat login"", padahal sinyal sudah memadai",3,1,2.0.35,2021-02-07 17:16:41,,,2.0.35
c8d292a9-e102-4cf1-8b9e-3df294d4adb7,wahyu,https://play-lh.googleusercontent.com/a-/ALV-UjU8cTWLprp-hTjppYbkVbTjB2nUmmLwVO1y8vAMeemyjR-CPyVy,"Untuk device samsung s20+ tidak bisa login pake akun ub, padahal di device lain bisa",2,0,2.0.35,2021-02-07 17:14:32,,,2.0.35
428926b2-c867-47ac-baaa-0c939f8e555d,Rudy Yuwono,https://play-lh.googleusercontent.com/a-/ALV-UjUtf3q9sRdXhWWxv9abTRRYlR5NxrckaqP-c8BQpWLYJqE0-QSn,Bagus,5,0,2.0.35,2021-02-07 12:56:20,,,2.0.35
c9f39f4f-856f-4fb5-9474-fb9d25f10f00,Yoel Patekka,https://play-lh.googleusercontent.com/a/ACg8ocIzWUJa9gu7wsmfCcpawQ03DFpd3oFNTJIC54kBnBIdqP8tQA=mo,Memudahkan untuk absen online dsb,5,0,,2021-02-04 07:50:26,,,
83e4a80f-241a-4059-915b-12ed9a3c8712,Kadarisman Hidayat,https://play-lh.googleusercontent.com/a/ACg8ocKniMAe70jcSo6Nk0CeN0NB-vobPD0bOS_RuiNMUWv9Mp_Jwg=mo,"Untuk HP samsung S20 ultra, untuk login dengan akun UB selalu gagal, mohon diperbaiki",1,3,2.0.35,2021-01-18 14:43:51,,,2.0.35
4dbc2b96-e05a-4ab5-947b-ab79c6cfd190,Salty Salad,https://play-lh.googleusercontent.com/a-/ALV-UjWYgaFvBp_0B0IMX9GieSfiVqpbsk7wDJY6zwRL49cUPSnBI9WF,"Kalau bisa kasih notifikasi setiap ada hal penting dong, seperti kelas, absensi atau lainnya... Sekelas TIK UB harusnya ini hal kecil",5,1,2.0.35,2021-01-11 10:30:06,,,2.0.35
cb96b81c-cf14-426b-bdb0-51aef239270a,Ard Prm,https://play-lh.googleusercontent.com/a-/ALV-UjVUSPQL4TWuCgEKKzApnrzpU6wgQBrtjIk61oYyFMy1YmmVu7hL,"Sering Down Sering Error gajelas, + udah absen malah dikasih alfa, di kasih alfa hari kamis, eh di siam dosen malah hari rabu, aneh Ngasih alfa yg absen dah salah, alfa yg dikasih salah hari juga, :'/",1,1,,2021-01-04 18:18:12,,,
27d21b8d-bd01-4676-8b75-4eb33894b0ce,Fahmi Idris,https://play-lh.googleusercontent.com/a-/ALV-UjXbarDZrbgv5oqo--VoxPWUq_NkrHkKxv9hvdGKRlbLCDDJjBv4sQ,"Kok susah ya masuknya, error terus",3,0,2.0.35,2021-01-01 10:36:26,,,2.0.35
6386274c-71cb-4d73-a0f3-cd44f1d61ca9,Rizki Mahmudi,https://play-lh.googleusercontent.com/a-/ALV-UjWG8Xau8KccO_1AQ0VbTwdTIubDnYCWiZKPss_uIO2bjcFbzl57,"Keep id nya dong jangan suruh log in berkala gitu, apa bedanya dengan pake web. Saya pake aplikasi karena pengen praktis, bukan tetep ribet di aplikasi yang berbeda (chrome & gapura). Dan harusnya ada notifikasi setiap mendekati jadwal kuliah atau ada absensi dan linknya harusnya bisa di copy.",3,8,2.0.33,2020-12-18 16:25:07,,,2.0.33
88912aaa-c243-4a19-a1cd-013d5517758e,Gabriella Intan,https://play-lh.googleusercontent.com/a-/ALV-UjWJmALf4XB3OdBxkdKbjvtSKSxRz_MtHg1-G2JFSu0XfI39ofQA,"Berikan notufikasi saat ada absen muncul,dan saat membuka apk langsung masuk dengan akun yg tersimpan ,terlalu sering eror jd harus masuk lg menggunakan nim ulang",3,1,2.0.34,2020-12-18 14:02:44,,,2.0.34
61fdbb69-21b7-4282-8b34-c0752ceaca6a,Rezkylfr,https://play-lh.googleusercontent.com/a-/ALV-UjVmqu_vWBd2V4eOjcV9GrOo1VukySm_McFlrkOMrw_aRqPb5i8,Permisi pak/Bu. Sebaiknya opsi alpha pada absensi dihilangkan karena tidak memungkinkan mahasiswa menekan opsi tersebut dan untuk meminimalisir salah tekan. Terima kasih,5,14,2.0.34,2020-12-18 13:53:01,,,2.0.34
15aff708-6fb4-4b83-9b54-2bf4729e6618,Nabilla Zahwa,https://play-lh.googleusercontent.com/a-/ALV-UjVUP3DjhBL7Sh51YL18XDS1phmu-rLnoCG3juHxIOvXxbtCS6in,Sering error,1,0,,2020-12-17 14:21:08,,,
79bc45cf-f009-4fb1-9569-b6c6f09278a3,Rafael Yehezkiel,https://play-lh.googleusercontent.com/a-/ALV-UjV_E6WMTTiHBoauuk-wIKN4XRTSQ8I9CeYUqn553sYYRZxbkmh5,"Minn berhubung tahun depan kuliah online lagi. Saran saya utk sistem diperbaiki lagii, waktu pertama kali launching utk login sekali saja sudah cukup. Sekarang, bisa keluar2 tiba2 dan itu merepotkan. Kemudian utk link zoom di gapura, lebih baik bisa langsung diklik tanpa harus copas lagi dari Siam. Terimakasih",4,16,2.0.34,2020-12-15 13:22:46,,,2.0.34
5467a7c8-022f-4b22-a48c-1de4fce55111,Bella Victoria,https://play-lh.googleusercontent.com/a-/ALV-UjXoTAG5iJ9y7wFqAcaRGh3Wd9RdH_coD2_yZtb6WLNi1-t1NuKC,Tolong dong min diberikan notifikasi berdering buat absensi yang masuk karna sering kali ketinggalan absen karna lupa atau dosen yang membuka absen secara mendadak mengingat siam/siado sering mengalami gangguan. Terima kasih🙏🏻,4,20,2.0.34,2020-12-15 13:13:07,,,2.0.34
e74e93bd-1c26-4f0c-83d7-dbeb08e36d78,Fiqri Maulana Nuzulianto,https://play-lh.googleusercontent.com/a/ACg8ocJrrHkJl5IJwVNGRhBbGlWAcy9MtNoyBy4qsDyDRGHgcE0Wo1A=mo,"Tolong Diperbaiki. Suka keluar "" Sendiri trus harus login ulang pas udh login malah masuk ke halaman utk tamu, pdhl dulu ga pernah gitu dan cukup sekali login aja. Bikin repot mahasiswa yg mau presensi",3,1,2.0.33,2020-12-12 14:58:11,,,2.0.33
6465ea95-2df6-4159-895c-fdfffce5233f,Ahmad Fauzi Ibnu Abdullah,https://play-lh.googleusercontent.com/a-/ALV-UjXCpRdp-zDPKAC3lV-UY2qQh5xd4dYrvreWZjULpbni8FeVNEXT,Sekarang kok suruh login tiap buka aplikasinya ya padahal sebelumnya enggak. Agak ribet sih jadinya tolong dibuat cukup sekali login saja gk perlu berkali-kali,2,0,2.0.33,2020-12-12 11:10:04,,,2.0.33
93db20a4-79ad-4293-80e7-215efcdfe9ec,Stela Okky K.A,https://play-lh.googleusercontent.com/a/ACg8ocLqndvPUPqQJyMITPneuguoB7Te57HdTKTaHetn1Pl8oglrYg=mo,"Min aku kelewat absen 3x karna nungguin login ga bisa"" :"")",1,0,2.0.33,2020-12-11 17:22:39,,,2.0.33
87d6f523-87ba-4b4d-843e-22133f0e4392,Syutan Arsha Puja,https://play-lh.googleusercontent.com/a-/ALV-UjVXOyEYM8scdtCyMh5AgytOmmAr9O3mocbk29l-bztVga6qbNfQ,Kenapa ya sekarang susah untuk login dan notifikasi presensi tidak ada,5,0,2.0.33,2020-12-11 15:54:34,,,2.0.33
0b515d84-08e8-44f8-99fe-9951bec24981,Laxx,https://play-lh.googleusercontent.com/a-/ALV-UjXB6F5QXFO2Rld6PvsBKeLGIZV9uarbPq0NhZNwPxnMSNUflP313g,Sekarang sering error,1,1,2.0.33,2020-12-11 07:04:12,,,2.0.33
97f7a569-18e8-4aa6-9594-c1ed08c7b9e1,Reid Lane,https://play-lh.googleusercontent.com/a/ACg8ocIX9XAeEunwBGwQ5taCb2ThjtOQEz0uVT4VVhdAg9Z67iB3t_E=mo,Membantu sekali,5,0,2.0.32,2020-12-06 23:12:05,,,2.0.32
17a5b3e4-5c16-4c4d-a4f4-68a2e4d14def,Rena Harnadia,https://play-lh.googleusercontent.com/a-/ALV-UjUU5NYIEwS4eZvQBEWzJ5JMrqtD648k4FYkDXQIAKAztMssl6ev6w,Mungkin bisa ditambahkan fiturnya supaya bisa muncul notifikasinya😬,4,0,,2020-12-05 17:34:57,,,
9186bfe2-8885-4590-85dd-450231d67b57,daffa azzary,https://play-lh.googleusercontent.com/a/ACg8ocJUTHVFfBE4o2uaffVzvsX9cXJdLpGiNPHxoG1kqNKfOlt5Pg=mo,Kok jadi gabisq absen via app gapura ya,1,0,2.0.33,2020-12-03 18:17:38,,,2.0.33
d49f2ad5-fab5-4c84-b656-bf1bec13cb96,nara dina,https://play-lh.googleusercontent.com/a/ACg8ocK7sfM_fMmUBisaRlMu__nQ8rFXPkEVxJrN-ttGEDuNMsUFYQ=mo,setelah diperbarui kok jadi sering keluar akun sendiri yaa,3,0,,2020-12-03 14:13:59,,,
e645b38d-aaab-4af7-b9d2-e40ca24a9e9e,Saiful Aripin,https://play-lh.googleusercontent.com/a-/ALV-UjUU5_xzCxW23Y6XgWBFw2MxQXTesZMRynpq4Q5pcC0Q8rzgakF5,Bagos,5,0,2.0.32,2020-12-03 08:50:17,,,2.0.32
873607c3-1214-4328-a7b2-0febe0af0195,A Hendrawan,https://play-lh.googleusercontent.com/a/ACg8ocJZMjXNrOjU7ho1vJbL_0X0YrQhUs9hDzdrtqSFbaPAErybdMM=mo,Bisa diberi notifikasi untuk presensinya,5,0,2.0.32,2020-12-01 15:32:06,,,2.0.32
9207d7e1-ce0f-4d02-a9f3-3cbbbc88f92b,Larry Angki,https://play-lh.googleusercontent.com/a-/ALV-UjXifWbUv4db3iKFuKqe2E8sTqf1_C3CHL2PupkIyKJfxEfROr1k,"Bisa lebih bagus kalo presensi bisa dikasih notifikasi, soalnya temen² sering lupa absen juga",4,12,2.0.32,2020-11-30 08:40:29,,,2.0.32
85a3623f-ad20-447e-a4a0-0a969a3e4512,Zai Sahabat Kita,https://play-lh.googleusercontent.com/a-/ALV-UjXu-TVjRKkNhhnyNHWMivVKxN2oZ5ZvwtfLvkCR35kZoezSkEujuA,Mantap sistem informasi yg baik dan sangat membantu...,5,0,2.0.30,2020-11-21 17:07:55,,,2.0.30
ddb66e56-c248-4b36-8d56-f4945b94814f,Zoe Ariadna,https://play-lh.googleusercontent.com/a-/ALV-UjVoYC5oBwtnrpE4kkag_lWDKUEW-dXRF5-UEpZ2ADK7WHUUklQ,Menurut saya aplikasinya sudah bagus namun perlu ditambahkan fitur notifikasi agar presensinya tidak ada yang terlewat.,2,0,2.0.28,2020-11-19 09:09:31,,,2.0.28
ca3d13f0-73da-4d07-940a-7b3295426524,Mochammad Dimas Dwi Laksono,https://play-lh.googleusercontent.com/a-/ALV-UjWqJa_dc7deIe50CjFSwRVcwDmLZP2fWXQApaTffGunJc9vR_gJ,Sangat membantu,5,0,2.0.27,2020-11-05 15:27:44,,,2.0.27
48b2dcc1-ed50-4c49-ab3b-e2fbe7e4debc,aliviano maulana,https://play-lh.googleusercontent.com/a-/ALV-UjUthwTnpILn7SXASxteBFTAyAnIIJidGqizkpyRu_5ug8q0QwKVLg,"Sangat membantu mahasiswa UB dalam urusan akademik, sekedar saran, akan lebih baik lagi jika link zoom di gapura UB bisa langsung diklik tanpa harus mengcopy dari SIAM terlebih dahulu. Terima kasih",5,4,2.0.28,2020-11-04 09:38:45,,,2.0.28
693960c2-c2f1-4d6d-9a3f-0b8b0cf9ce9d,Kharisma Rahmadhani,https://play-lh.googleusercontent.com/a-/ALV-UjVCEhZsU44RFjORJ3FnnBsA3BaztLvCsvZu4wcBhshaMZ7718_c,Gak bisa login min,1,2,2.0.28,2020-10-22 11:30:22,,,2.0.28
57282541-eea1-46c5-9e97-a9f4f2d2d002,Oyuk Ivani Siagian,https://play-lh.googleusercontent.com/a-/ALV-UjXXMgBgkKY9kC04DryCTQXC2mUcZMRkCXWZH4fm2wMmJIutT7tD,Sudah beberapa kali mengisi presensi hadir namun direkap tertulis alpha. Mohon bantuan dan perbaikannya.,2,0,2.0.27,2020-10-21 12:01:30,,,2.0.27
635063b7-9c92-4427-b423-32dfa4b93d42,kaisar jihad,https://play-lh.googleusercontent.com/a/ACg8ocI2As946unqaXM4bsvha6iKk8RtcwZpo-WqPvJxDtD7rbapyg=mo,aplikasi ini sangat membantu dan efisien,1,0,2.0.26,2020-10-05 19:03:25,,,2.0.26
caf61488-e958-470f-8340-0d03719818d5,Putri Salamah,https://play-lh.googleusercontent.com/a-/ALV-UjW8dXlRohyaqNNqKfG0-sdjg5SIpx0x-IhlAbqC0INuSbfUCuP_2Q,"Kok sering gangguan ya, sering login berkali-kali kak:(",3,0,,2020-10-05 16:11:22,,,
3bd02996-6f87-4287-baf3-6a29b88f22ba,Universitas Jawa timur,https://play-lh.googleusercontent.com/a-/ALV-UjVe0LY8bT2bsFGWd8jglvIB43Am5vuEVy6dON2Ww3Rt8s9Z9qo_,is the best,5,0,,2020-09-30 13:03:52,,,
c7299a50-787e-4ce0-a59e-5d9a34488215,Muhammad Salman Alfarisyi,https://play-lh.googleusercontent.com/a-/ALV-UjUEiBdAbTF1k7eeYIm-4aFMcilU56Zm7-LdmZYQykI-Cu6G8-AG,"Ampe kapan nih maintenance siam/gapura, belum absen dari siang. Kuliah tapi tak absen untuk apa :')",2,0,2.0.27,2020-09-29 16:25:57,,,2.0.27
6af68f6f-ec38-4df4-89ba-1d004b17f644,ahmad rizal,https://play-lh.googleusercontent.com/a/ACg8ocKQGeFsCBwVQoPhLkTFKhBvdjP2cpwa91UnwjlBYG_QTWdWCg=mo,Saya dan beberapa teman saya tetap tidak dapat login aplikasi ini Padahal email dan password yg saya gunakan sudah benar dan sama persis seperti saat saya login di web gapura. Saya coba pakai nim tetap tidak bisa Pakai username juga sama Tolong diperbaiki,2,2,,2020-09-29 14:12:34,,,
37b0a23b-30c6-4496-a1dd-7e9fa03135ee,Maulidiya Selene,https://play-lh.googleusercontent.com/a-/ALV-UjXS73BDROGtF2d9WeiMpMvL6gL8FLb3DeIukjpXouSK3DKjzUiJDw,"SEMOGA DIBACAAA WAHAI UB KAMPUS GA MURAH, mungkin bisa dikasi fitur pengingat absensi :)) Makasi",5,2,2.0.27,2020-09-29 11:19:52,,,2.0.27
7713504a-1ab5-4e42-bdde-7b36f5902a1b,Tasya Indisa Salsabila,https://play-lh.googleusercontent.com/a-/ALV-UjUmqHkRd1nwkFM_N2aI8ABnG8qLcCfQp2hhJwbLFDMnsq4b89J5,"Masih tidak bisa log in sampai sekarang. Sudah coba masukan email student ub, username siam, NIM, dan password yang saya masukan juga sudah tepat. Sudah coba uninstal trus instal lagi tetap tidak bisa log in. Padahal teman-teman maba saya yang lain sudah bisa masuk dari lama.",1,11,2.0.27,2020-09-28 14:54:50,Silahkan coba menggunakan user dan password siam,2020-09-23 19:31:38,2.0.27
5c656589-ec8b-4d8c-b7e1-cddec37a79fb,Daniel Napitu,https://play-lh.googleusercontent.com/a-/ALV-UjWMnfClAn8_e-hdMEKhW78tVMWc5_okHnesPeY3Q6Z4amv6zHKX,"Mohon maaf untuk TIK UB, mengapa saya belum bisa login menggunakan username dan password SIAM, padahal sama persis, mohon dibantu dengan kendalanya, terima kasih.",5,3,2.0.27,2020-09-27 20:41:25,,,2.0.27
4d439c0b-7c20-468a-8321-a35106ad4f44,RINA DWI LESTARI,https://play-lh.googleusercontent.com/a-/ALV-UjXNed2kS-vtJQJknsBQHqWdA0M5CzpkIPI9LO5QKJuozfPw7vJC,Baik,5,0,2.0.20,2020-09-23 14:09:56,,,2.0.20
246c003e-60d5-4e00-a682-25e3936c7a92,Nur Muhammad,https://play-lh.googleusercontent.com/a-/ALV-UjUFhUOzJ2-F6X-AQLRALau0tCC3Q5SOfSKFwMOXeP09FSMnvYE,okbanget,5,0,2.0.20,2020-09-23 09:38:53,,,2.0.20
beacc6fa-138b-4e9b-bbb5-d3b480314312,Syafiq Ali Fadlul Rahman,https://play-lh.googleusercontent.com/a-/ALV-UjUZ8NvdTxSzUtKRORJ8jb1hmswudPkWvBkL6BBNgacCpGRPiZeT,💙,5,0,,2020-09-22 11:34:48,,,
c4dde891-0fc1-418f-8ea4-8c7740860f34,Risa Nia Santi,https://play-lh.googleusercontent.com/a-/ALV-UjUwUYE5cTgWEAak1k1W-x6YqdGBWu4bHq_LUK2g_dsZisnBIw9rlA,Good,5,0,,2020-09-21 17:51:33,,,
01023338-3e64-4a4b-afa0-c603665c31f8,Imla Pratama,https://play-lh.googleusercontent.com/a-/ALV-UjXY1eCa8N53cGiTRBzls8siIB74S4zVkPXF7BiyrzGhrBZ4AZs,Susah login dan kalo bisa cantumkan nama dosen di jadwal kuliahnya 🙏,3,7,2.0.26,2020-09-19 19:00:42,,,2.0.26
28b5b84b-f702-4de1-a684-ea2a3612193e,ahmad fardan,https://play-lh.googleusercontent.com/a-/ALV-UjXchJZ5_PqLj9wKcsJiQyTIDt2A1gMMYxr_nFvvD180az3_AXc,Keren,5,0,2.0.26,2020-09-18 18:02:41,,,2.0.26
248d8dca-8ee3-410c-abb3-96282413fc5b,Luis Grandy,https://play-lh.googleusercontent.com/a-/ALV-UjVIKbERW-x31XJAVPCoJQOq6EUg5jkIJ6NW-9BtOWls4DDCrqBr,webapps,1,0,2.0.26,2020-09-05 18:07:47,,,2.0.26
3303f73f-cffc-4377-8d11-d81a74be5339,Riko Hermawan,https://play-lh.googleusercontent.com/a/ACg8ocJJl3cEtwt4wU8oLs8uhMeypqZbR3Pcs-lahTxBvxUafjA1_A=mo,Tinggal mmeperbiki dikit...trus msuk akun siam mulu,5,4,2.0.23,2020-08-29 19:22:16,,,2.0.23
b33b7aea-ea27-41bf-a61f-1766545a850c,Andra Rahmad,https://play-lh.googleusercontent.com/a-/ALV-UjVXMosD7b05JpomslwM-ZJVK7z8zl6ec3eQYBXzubJj_EfpBr_A,Top,5,0,2.0.26,2020-08-26 11:56:41,,,2.0.26
60b5851b-e931-4278-91fa-689bf623bf6c,Danu setia wardana,https://play-lh.googleusercontent.com/a-/ALV-UjUZtB4UxAS3QSA8NSzRqUuf8yMSiP52F6MrWTjO0Unsc0xu6D3z,Gak niat bikin aplikasi,1,6,2.0.26,2020-08-13 22:38:33,,,2.0.26
d66bdcff-0fea-49e5-bbf3-ed593e27c612,Dhiyaul Haq Azam M. Nur,https://play-lh.googleusercontent.com/a-/ALV-UjULzOq5yDMo5GBbClm0emsFSJMTlKIUcKh-6fi44SJkftxhobcHGQ,Aplikasinya bagus,5,10,2.0.24,2020-07-14 21:42:52,,,2.0.24
b00c483b-74fd-4404-a8d3-e4573d300e44,Ahmad Najmi Faris,https://play-lh.googleusercontent.com/a-/ALV-UjWwQE02UQYDAnrvgSkw_pKNQ_IbBoMpfBlh-XKtNZUn1naieoeI,Mantap,5,0,2.0.22,2020-07-09 16:26:47,,,2.0.22
827c5c32-6d1b-40eb-b81a-d493d94d7821,Slamet Riadi,https://play-lh.googleusercontent.com/a/ACg8ocJuAMuBNngtVLpzxM6u8Wjt95VXMx5eCn984vcuA-M_HEpsWg=mo,Mantaaaab,5,0,2.0.23,2020-06-24 16:15:09,,,2.0.23
22dccb2e-bb80-472d-8cc1-677c22977b8d,muhammad afifuddin,https://play-lh.googleusercontent.com/a-/ALV-UjWJmupxFFq8Uu7CfJQe5dfi4ZTY6E2z5F2PEGo5awxovoN_NKcP9w,Sangat membantu + efisien,5,0,2.0.23,2020-06-23 11:16:37,,,2.0.23
82dc4c2a-f06d-47e3-9d89-2e9211d1fa7a,Angga Muliadi,https://play-lh.googleusercontent.com/a-/ALV-UjV_jexc8mIAz8q2jColjkGZhzmp_FzhpJW6BvgOZK_jawDsQE-l,Mantap,5,0,2.0.22,2020-06-23 11:00:56,,,2.0.22
c4535e2f-e9af-44e7-a07d-bd41be0431ac,wulan erin hf,https://play-lh.googleusercontent.com/a-/ALV-UjUt5KsyDvDd6NdIWlBGrwA4vS959TogjPOQIemPBwA9MiY5pfmpOA,Bagus,5,0,,2020-06-20 20:46:26,,,
633576dc-8db8-47a6-8faf-a912542fd3fd,Nana Ronita,https://play-lh.googleusercontent.com/a/ACg8ocInT21boxjGQBVz7aHhLPsH9zjpzdd-wvYqSfPxAvC6HWiDDw=mo,Mantap,5,0,,2020-06-07 02:07:21,,,
e63531d4-5d54-4751-a09e-b31619b64aec,Endro Setyobudi,https://play-lh.googleusercontent.com/a-/ALV-UjUPe_wI3iYpdZL5ih3_m3pS8LLRXaroMxg3DkodM4iL32X_Qx4,Go UB,5,0,2.0.21,2020-06-06 06:53:25,,,2.0.21
a86bbbf3-8eb7-4ca0-ae2d-5a4b2c9cb00d,Akbar Widianto Pratama,https://play-lh.googleusercontent.com/a-/ALV-UjVCBNBvYiRwTebl3HXH-VuRm1MJTnK467l1mPSwCAKoWToMN89a,setelah update beberapa hari lalu klo buka aplikasi tiba2 close sendiri ...,3,9,2.0.22,2020-06-04 08:39:53,,,2.0.22
eb620391-2f75-46d0-b30a-b09cbc4d61e1,Almaas Rozikin,https://play-lh.googleusercontent.com/a-/ALV-UjU9SXhYb9ZREptwwHIVxex7aRxdoVmD3kQ78jtFOi_t3LIdiZPc,Sangat bagus aplikasinya,5,1,2.0.21,2020-06-03 16:29:15,,,2.0.21
f592f9bf-7391-4908-9796-0086f9f7efe4,Aziz Musthofa,https://play-lh.googleusercontent.com/a-/ALV-UjW5b-8m2rKtQD92I1W3pOViRS6BhQnKsQ2m4kC2T1GVKuXCcIs-,Sangat membantu,5,0,,2020-05-29 12:27:51,,,
7632d3a4-6caf-40ec-bcaf-16c0f677bc25,Dicky Wijanarko,https://play-lh.googleusercontent.com/a-/ALV-UjXFsxW3_6u1OYTsNsWGqo3ncQoDVCa-ZcwGvHkZHt1IYLU7jOQ,Sangat membantu,5,0,,2020-05-19 17:53:06,,,
0207d304-04fb-4f60-a807-8e1bf1d69787,agung prasetyo,https://play-lh.googleusercontent.com/a/ACg8ocLJj3azEkItiMGK_8m-l-uG7MDdyFh9df6dT3J5zLgSkhacQQ=mo,oke,5,0,,2020-05-18 11:38:15,,,
cba5fd13-2591-4bb9-bc59-891b3cd449d8,Eko Widodo,https://play-lh.googleusercontent.com/a-/ALV-UjV8zIRZHP5BYqeD4OzvMVShw82tfFJiBKWEWhvtInmy2LG8vck,Makin bagus,5,0,2.0.20,2020-05-15 16:33:48,,,2.0.20
d586c64b-6d2b-476f-af41-ac80f56cdce9,asus maizar,https://play-lh.googleusercontent.com/a-/ALV-UjVNy4SBHcpiVYdI3VjcQeXaL4GgOomT632waB5hUSHIf_T-hu4W,Bagus,5,0,2.0.21,2020-05-15 16:23:05,,,2.0.21
eb6f4a45-e534-44fa-bad3-34ddee6732e3,Farida Nurani,https://play-lh.googleusercontent.com/a-/ALV-UjXSUsZkp6KAHl0GRH3qcTBYWbd73aLkfsQ2LQCVam_r3eCO-lQ,Memudahkan dosen dan pegawai UB. Alhamdulillah,5,1,2.0.21,2020-05-15 12:55:59,,,2.0.21
352dcb6b-6300-4048-985d-f223fc22fb0b,Cak Sukandar,https://play-lh.googleusercontent.com/a-/ALV-UjXam1e5ls_MvjPl494u3Jg5axS2b6N499bhJ0nVaCCczS75-ksFMQ,Mantaap,5,0,2.0.20,2020-05-15 09:47:19,,,2.0.20
9cf1a56c-a5ac-4238-bcca-18bd68255522,Bagyo Yanuwiadi,https://play-lh.googleusercontent.com/a-/ALV-UjU0VR7yxO7NBQkOYVLKxq-2ACZpTY8jwsRMZclWciz2ILc3Temo,Sangat user friendly,5,0,2.0.20,2020-05-15 08:25:14,,,2.0.20
2c1b7462-38a3-4910-895c-1563448b5cb4,Herman Suryokumoro,https://play-lh.googleusercontent.com/a/ACg8ocKOsQmtLK7DUDMSBuVT7fFJF0-3_jBJCOhDYBpqpj8MxXoepw=mo,Simple,4,1,2.0.21,2020-05-15 07:05:16,,,2.0.21
b6d5d6a2-01ae-4560-bdea-30074b34a280,mohammad romadhoni,https://play-lh.googleusercontent.com/a-/ALV-UjUPvpuv7SpZ9cu69486CRlO_Uy0S2c0n6tLKnCIbqoWLxVk9DMe,Membantu kerja pegawai dalam mendapat informasi diri...,5,0,2.0.20,2020-05-15 06:23:31,,,2.0.20
ff2840ae-df8d-4d1b-aba4-62c8cdf5592f,"Ahmad Alfi Nurarifin, S.Pt.",https://play-lh.googleusercontent.com/a-/ALV-UjXN8Fhn4sbOKnsNSQJzUBh9R69_Jh3NvJyuyVN-4pDEcdyL6grD,Harus di perbaiki lagi,4,0,2.0.20,2020-05-15 05:34:01,,,2.0.20
7c71ba88-b1b8-4f8f-8c9d-e712e1062305,Ghotecs Hobby,https://play-lh.googleusercontent.com/a-/ALV-UjUfQrrbi9lUqKI9zVXHySx3AUzpFGauyKcRkGgex_hLQ3tjyJRX,Akhirnya muncul juga aplikasi berbasis Android sehingga memudahkan dalam mengakses kepegawaian,5,0,,2020-05-15 04:47:12,,,
6fa31550-38dd-4ead-8965-23525e7898ed,Arief Rachmansyah,https://play-lh.googleusercontent.com/a/ACg8ocIDiimhS6GLkLiwC62wXSfju4ne4VlVH40TdHU7IdPLrHyeng=mo,cepat,4,0,2.0.20,2020-05-13 13:18:25,,,2.0.20
de4201cf-9bae-4b7b-b0e2-7096b8e1a7e1,Pengguna Google,https://play-lh.googleusercontent.com/EGemoI2NTXmTsBVtJqk8jxF9rh8ApRWfsIMQSt2uE4OcpQqbFu7f7NbTK05lx80nuSijCz7sc3a277R67g,"Bagus aplikasinya, sekedar info ini aplikasi ditujukan untuk mahasiswa Universitas Brawijaya. Dapat mengakses sistem informasi kemahasiswaan seperti jadwal kuliah, KRS, KHS dan sebagainya untuk memudahkan dalam bentuk aplikasi. Keren banget pokoknya 😎👌🏻",5,2,2.0.20,2020-04-26 14:05:25,,,2.0.20
5751b1c5-3fb9-43af-9c7a-74f7d049b49e,Pengguna Google,https://play-lh.googleusercontent.com/EGemoI2NTXmTsBVtJqk8jxF9rh8ApRWfsIMQSt2uE4OcpQqbFu7f7NbTK05lx80nuSijCz7sc3a277R67g,"Terima kasih,",5,0,,2020-04-03 22:53:41,,,
7a8c5c1e-d967-490a-b376-50b87f5c2ea7,Pengguna Google,https://play-lh.googleusercontent.com/EGemoI2NTXmTsBVtJqk8jxF9rh8ApRWfsIMQSt2uE4OcpQqbFu7f7NbTK05lx80nuSijCz7sc3a277R67g,Terus berinovasi untuk kemajuan UB tercinta.,5,0,2.0.20,2020-03-27 06:24:56,,,2.0.20
4196ecad-66e7-47ee-aa15-e01df6e2c6ea,Pengguna Google,https://play-lh.googleusercontent.com/EGemoI2NTXmTsBVtJqk8jxF9rh8ApRWfsIMQSt2uE4OcpQqbFu7f7NbTK05lx80nuSijCz7sc3a277R67g,Josss,5,0,2.0.20,2020-03-16 00:19:57,,,2.0.20
1d200b53-dc16-47e0-a682-5609f3d5ddd7,Pengguna Google,https://play-lh.googleusercontent.com/EGemoI2NTXmTsBVtJqk8jxF9rh8ApRWfsIMQSt2uE4OcpQqbFu7f7NbTK05lx80nuSijCz7sc3a277R67g,Okr,5,0,,2020-02-20 13:39:50,,,
a3de7c78-8339-481d-b9a9-8126b9948645,Pengguna Google,https://play-lh.googleusercontent.com/EGemoI2NTXmTsBVtJqk8jxF9rh8ApRWfsIMQSt2uE4OcpQqbFu7f7NbTK05lx80nuSijCz7sc3a277R67g,Kenapa setiap buka aplikasi harus login terus..?,3,0,2.0.20,2020-01-31 17:50:08,,,2.0.20
8aef0cfa-42c1-4fab-95a9-e07ffd092317,Pengguna Google,https://play-lh.googleusercontent.com/EGemoI2NTXmTsBVtJqk8jxF9rh8ApRWfsIMQSt2uE4OcpQqbFu7f7NbTK05lx80nuSijCz7sc3a277R67g,Aplikasi suka force close (ketutup sendiri) tidak bisa dibuka karena tidak kompatible dengan android saya tolong ditingkatkan lagi sehingga android versi dibawahnya jg bisa mengakses,1,2,,2020-01-29 12:55:37,,,
6560c6f2-4dc5-4b52-abb2-3701acb1d679,Pengguna Google,https://play-lh.googleusercontent.com/EGemoI2NTXmTsBVtJqk8jxF9rh8ApRWfsIMQSt2uE4OcpQqbFu7f7NbTK05lx80nuSijCz7sc3a277R67g,Belum bisa donwload,5,0,,2020-01-28 08:19:32,,,
18f62350-ae6a-4e64-b29d-daf28474c193,Pengguna Google,https://play-lh.googleusercontent.com/EGemoI2NTXmTsBVtJqk8jxF9rh8ApRWfsIMQSt2uE4OcpQqbFu7f7NbTK05lx80nuSijCz7sc3a277R67g,"Akun Siam gk bisa dibuka apa apaan ini, saya harus pake Aplikasi Gapura sekarang, Hp saya kentang sisa penyimpanan tinggal 13mb",1,0,2.0.20,2020-01-27 08:38:03,,,2.0.20
44bd3714-e05b-40e9-a3b8-f396ae594b70,Pengguna Google,https://play-lh.googleusercontent.com/EGemoI2NTXmTsBVtJqk8jxF9rh8ApRWfsIMQSt2uE4OcpQqbFu7f7NbTK05lx80nuSijCz7sc3a277R67g,Mantap min. Terima kasih :D,5,0,2.0.20,2020-01-22 09:21:04,,,2.0.20
35e9ea3f-aeae-421a-9a57-ed7c75c0775d,Pengguna Google,https://play-lh.googleusercontent.com/EGemoI2NTXmTsBVtJqk8jxF9rh8ApRWfsIMQSt2uE4OcpQqbFu7f7NbTK05lx80nuSijCz7sc3a277R67g,Kasi fitur bisa chat woiii pake nomor nim,5,0,2.0.20,2020-01-21 11:52:17,,,2.0.20
e5c723b0-3a32-4606-8673-e5510e6c95e6,Pengguna Google,https://play-lh.googleusercontent.com/EGemoI2NTXmTsBVtJqk8jxF9rh8ApRWfsIMQSt2uE4OcpQqbFu7f7NbTK05lx80nuSijCz7sc3a277R67g,"Dari segi kemudahan, masih terlalu ribet, masih lebih cepet buka siam di browser dari pada ini. Tampilan aja sedikit lebih menarik",3,1,2.0.20,2020-01-20 05:30:53,,,2.0.20
5e109466-0a54-4419-897b-a87964fd0bcc,Pengguna Google,https://play-lh.googleusercontent.com/EGemoI2NTXmTsBVtJqk8jxF9rh8ApRWfsIMQSt2uE4OcpQqbFu7f7NbTK05lx80nuSijCz7sc3a277R67g,Sangat Efektif,5,0,,2020-01-19 20:51:16,,,
ff9916c4-7a8f-41c2-b759-bacaa0a196c9,Pengguna Google,https://play-lh.googleusercontent.com/EGemoI2NTXmTsBVtJqk8jxF9rh8ApRWfsIMQSt2uE4OcpQqbFu7f7NbTK05lx80nuSijCz7sc3a277R67g,Kurang puas dengan aplikasinya,1,0,,2020-01-17 21:07:16,,,
c579ec1d-7abf-4b05-9285-343ad28c6f7b,Pengguna Google,https://play-lh.googleusercontent.com/EGemoI2NTXmTsBVtJqk8jxF9rh8ApRWfsIMQSt2uE4OcpQqbFu7f7NbTK05lx80nuSijCz7sc3a277R67g,"Mungkin bisa ditambahkan sistem otentikasi untuk masuk perpustakaan, jadi jika lupa bawa ktm bisa lebih mudah",5,1,2.0.20,2020-01-17 11:29:14,,,2.0.20
ab935729-918d-4148-964b-797f490fda3b,Pengguna Google,https://play-lh.googleusercontent.com/EGemoI2NTXmTsBVtJqk8jxF9rh8ApRWfsIMQSt2uE4OcpQqbFu7f7NbTK05lx80nuSijCz7sc3a277R67g,Semoga semakin berkembang ya kampus ku. Aplikasi yang sangat berguna untuk mahasiswa memantau siam tanpa perlu buka dari Web nya,5,1,2.0.20,2020-01-17 10:39:22,,,2.0.20
90223f4f-85bd-4fdf-bd21-e10797c89644,Pengguna Google,https://play-lh.googleusercontent.com/EGemoI2NTXmTsBVtJqk8jxF9rh8ApRWfsIMQSt2uE4OcpQqbFu7f7NbTK05lx80nuSijCz7sc3a277R67g,kembangkan lagi,5,1,,2020-01-16 20:03:04,,,
f8c209eb-9e99-4591-9e84-c7c273a6ab70,Pengguna Google,https://play-lh.googleusercontent.com/EGemoI2NTXmTsBVtJqk8jxF9rh8ApRWfsIMQSt2uE4OcpQqbFu7f7NbTK05lx80nuSijCz7sc3a277R67g,mantab nih,5,0,2.0.20,2020-01-14 04:32:07,,,2.0.20
50bacc8a-be8f-439b-87ef-a21a6416c119,Pengguna Google,https://play-lh.googleusercontent.com/EGemoI2NTXmTsBVtJqk8jxF9rh8ApRWfsIMQSt2uE4OcpQqbFu7f7NbTK05lx80nuSijCz7sc3a277R67g,Ini gapura UB yang veteran apa BNI ya?,5,0,,2020-01-12 21:08:21,,,
881b10d9-4dd8-4d1e-9a3d-27ade77456bc,Pengguna Google,https://play-lh.googleusercontent.com/EGemoI2NTXmTsBVtJqk8jxF9rh8ApRWfsIMQSt2uE4OcpQqbFu7f7NbTK05lx80nuSijCz7sc3a277R67g,"Saya kira tampilannya seperti laman gapura yg biasa dibuka di internet tapi ternyata tidak. Mungkin saran saja ada penambahan tmpilan spt gapura yg diweb ada fitur email, drive, blog, dsb. Saran kedua di bagian menu jadwal kuliah ditambahkan juga info ruang kuliah sehingga mengantisipasi mahasiswa yg lupa ruang kelas",3,7,2.0.20,2020-01-11 21:35:46,,,2.0.20
1cc0c977-5149-46b9-aaad-78c8893714e4,Pengguna Google,https://play-lh.googleusercontent.com/EGemoI2NTXmTsBVtJqk8jxF9rh8ApRWfsIMQSt2uE4OcpQqbFu7f7NbTK05lx80nuSijCz7sc3a277R67g,Dilengkapi lagi fasilitas nya,5,0,,2020-01-10 18:04:51,,,
e266a6e0-30b0-4d35-96ef-e14c61fa0629,Pengguna Google,https://play-lh.googleusercontent.com/EGemoI2NTXmTsBVtJqk8jxF9rh8ApRWfsIMQSt2uE4OcpQqbFu7f7NbTK05lx80nuSijCz7sc3a277R67g,Keren Mantap... Terima kasih UB,5,0,,2020-01-09 11:30:31,,,
5a0afa5e-6256-44e1-8661-bd8f55deecac,Pengguna Google,https://play-lh.googleusercontent.com/EGemoI2NTXmTsBVtJqk8jxF9rh8ApRWfsIMQSt2uE4OcpQqbFu7f7NbTK05lx80nuSijCz7sc3a277R67g,"Masih banyak halaman yang harus pindah portal ke web browser, seharusnya halaman2 seperti berita dapat langsung diakses di aplikasi Gapura UB sendiri",2,10,2.0.20,2020-01-08 21:54:58,,,2.0.20
446d1367-3741-42f0-8580-d4cc6d564475,Pengguna Google,https://play-lh.googleusercontent.com/EGemoI2NTXmTsBVtJqk8jxF9rh8ApRWfsIMQSt2uE4OcpQqbFu7f7NbTK05lx80nuSijCz7sc3a277R67g,"Cucok mantul kampusku👍👍 Lebih lengkap lagi kalau gapura UB diintegrasikan sama dompet digital seperti Link Aja, Dana, Ovo dll. Atau juga dihubungkan langsung dengan mbanking supaya pembayaran ukt dan pembayaran lainya bisa lebih mudah",5,1,2.0.20,2020-01-08 12:07:43,,,2.0.20
8d788dc6-3d3e-4bc1-87df-64c94ac84537,Pengguna Google,https://play-lh.googleusercontent.com/EGemoI2NTXmTsBVtJqk8jxF9rh8ApRWfsIMQSt2uE4OcpQqbFu7f7NbTK05lx80nuSijCz7sc3a277R67g,"Aplikasi yang bagus dan membantu, cuma di gapura kan terhubung sama google drive, classroom, dll. Coba aksesnya diperluas aja. Terimakasih😉",4,1,2.0.20,2020-01-08 11:27:21,,,2.0.20
f33fe56e-c103-4d9e-8b5d-5409f40bb87a,Pengguna Google,https://play-lh.googleusercontent.com/EGemoI2NTXmTsBVtJqk8jxF9rh8ApRWfsIMQSt2uE4OcpQqbFu7f7NbTK05lx80nuSijCz7sc3a277R67g,Mantull sih.. UB,5,0,2.0.20,2020-01-08 08:35:09,,,2.0.20
b962087b-29c4-4871-bc6c-58d612f91bef,Pengguna Google,https://play-lh.googleusercontent.com/EGemoI2NTXmTsBVtJqk8jxF9rh8ApRWfsIMQSt2uE4OcpQqbFu7f7NbTK05lx80nuSijCz7sc3a277R67g,"Saran, saat menekan tombol back di halaman awal diberi konfirmasi apakah ingin keluar aplikasi.",4,0,2.0.20,2020-01-07 20:55:36,,,2.0.20
6be242e0-7d2c-4d6c-9cf5-cf7db8c4161d,Pengguna Google,https://play-lh.googleusercontent.com/EGemoI2NTXmTsBVtJqk8jxF9rh8ApRWfsIMQSt2uE4OcpQqbFu7f7NbTK05lx80nuSijCz7sc3a277R67g,"Harapan kedepannya, dapat disinergikan antara siam dan gapura. Sehingga proses pengisian krs dapat dilakukan via aplikasi gapura. Terimakasih",5,0,,2020-01-07 20:09:33,,,
29fd2bab-e51b-4947-b32a-43f33265f814,Pengguna Google,https://play-lh.googleusercontent.com/EGemoI2NTXmTsBVtJqk8jxF9rh8ApRWfsIMQSt2uE4OcpQqbFu7f7NbTK05lx80nuSijCz7sc3a277R67g,Bagus min sekalian yang ada di SIAM dijadikan di situ aja biar lebih mudah tanpa log in siam lagi,5,1,2.0.20,2020-01-07 19:30:44,,,2.0.20
df81e660-ef87-4b1d-848d-3dda59b1087a,Pengguna Google,https://play-lh.googleusercontent.com/EGemoI2NTXmTsBVtJqk8jxF9rh8ApRWfsIMQSt2uE4OcpQqbFu7f7NbTK05lx80nuSijCz7sc3a277R67g,Good terimakasih sudah memberi kan pelayanan yang baik,5,0,2.0.20,2020-01-07 19:25:56,,,2.0.20
952d3cda-3d2f-47b2-8dfd-ff1d7b50ea3e,Pengguna Google,https://play-lh.googleusercontent.com/EGemoI2NTXmTsBVtJqk8jxF9rh8ApRWfsIMQSt2uE4OcpQqbFu7f7NbTK05lx80nuSijCz7sc3a277R67g,Mantab keren,5,0,,2020-01-07 19:12:13,,,
caccda35-cad7-4ae3-8117-e929272aae0c,Pengguna Google,https://play-lh.googleusercontent.com/EGemoI2NTXmTsBVtJqk8jxF9rh8ApRWfsIMQSt2uE4OcpQqbFu7f7NbTK05lx80nuSijCz7sc3a277R67g,Brawijaya selalu terbaik😎,5,0,2.0.20,2020-01-07 18:43:34,,,2.0.20
cd040bfa-313c-4074-990c-32dd653d5487,Pengguna Google,https://play-lh.googleusercontent.com/EGemoI2NTXmTsBVtJqk8jxF9rh8ApRWfsIMQSt2uE4OcpQqbFu7f7NbTK05lx80nuSijCz7sc3a277R67g,"Wahhh....keren bnget, tpi saran dari aku sih tmbah fitur absensi nya trus aku juga mau tnyaa Vokasi kan juga trmsuk di UB sbaiknya di gabung sma2 fakultas lainnga, soalnyaa di fakultas dlm Aplikasi tdk ada Vokasi. Trimaksihh, aplikasinyaa sngt membantu😊",5,1,,2020-01-07 17:28:14,,,
ff621fd9-a0d7-4041-ab00-2410788ece19,Pengguna Google,https://play-lh.googleusercontent.com/EGemoI2NTXmTsBVtJqk8jxF9rh8ApRWfsIMQSt2uE4OcpQqbFu7f7NbTK05lx80nuSijCz7sc3a277R67g,"Keren banget, dulu buka banyak link sekarang udah 1 aplikasi❤",5,0,,2020-01-07 15:54:14,,,
aa1c111e-1014-466f-8dbb-ee1f08541094,Pengguna Google,https://play-lh.googleusercontent.com/EGemoI2NTXmTsBVtJqk8jxF9rh8ApRWfsIMQSt2uE4OcpQqbFu7f7NbTK05lx80nuSijCz7sc3a277R67g,"Sudah bagus dan ikon2 rapih. Saran tambahkan built in browser di dalam appnya, supaya tidak perlu membuka browser lain.",5,0,2.0.20,2020-01-07 14:08:32,,,2.0.20
64c92226-c5ad-4e44-a8af-8b515572cbcc,Pengguna Google,https://play-lh.googleusercontent.com/EGemoI2NTXmTsBVtJqk8jxF9rh8ApRWfsIMQSt2uE4OcpQqbFu7f7NbTK05lx80nuSijCz7sc3a277R67g,Makin berkembang yaa,5,0,2.0.20,2020-01-07 13:27:48,,,2.0.20
857ca560-1744-46ea-af83-32f53324150e,Pengguna Google,https://play-lh.googleusercontent.com/EGemoI2NTXmTsBVtJqk8jxF9rh8ApRWfsIMQSt2uE4OcpQqbFu7f7NbTK05lx80nuSijCz7sc3a277R67g,"Lebih keren kalau di Jadwal Kuliah dikasih ruang kelasnya juga,,",5,1,2.0.20,2020-01-07 12:55:08,,,2.0.20
978d449b-c74e-4c84-836a-6902e77e34ac,Pengguna Google,https://play-lh.googleusercontent.com/EGemoI2NTXmTsBVtJqk8jxF9rh8ApRWfsIMQSt2uE4OcpQqbFu7f7NbTK05lx80nuSijCz7sc3a277R67g,Ntap,5,0,,2020-01-06 18:27:47,,,
b1838721-5704-4381-933a-d828ddaaabe6,Pengguna Google,https://play-lh.googleusercontent.com/EGemoI2NTXmTsBVtJqk8jxF9rh8ApRWfsIMQSt2uE4OcpQqbFu7f7NbTK05lx80nuSijCz7sc3a277R67g,Mantappp,5,0,,2020-01-06 09:40:27,,,
c11b9450-36ec-415e-9de1-b9a03ba13efc,Pengguna Google,https://play-lh.googleusercontent.com/EGemoI2NTXmTsBVtJqk8jxF9rh8ApRWfsIMQSt2uE4OcpQqbFu7f7NbTK05lx80nuSijCz7sc3a277R67g,Mantap,5,0,2.0.20,2020-01-06 08:15:10,,,2.0.20
4f048654-8e3a-42f4-ad1c-3db44c5baa01,Pengguna Google,https://play-lh.googleusercontent.com/EGemoI2NTXmTsBVtJqk8jxF9rh8ApRWfsIMQSt2uE4OcpQqbFu7f7NbTK05lx80nuSijCz7sc3a277R67g,Terima Kasih Brawijaya telah menciptakan aplikasi yang sangat bermanfaat bagi civitas akademika. Saran saya adalah sebaiknya didalam aplikasi juga diberikan kemudahan untuk input mata kuliah dalam pengisian KRS maupun KPRS bagi mahasiswa. Jadi mahasiswa akan lebih mudah dalam melakukannya hanya dalam satu aplikasi yang saling terkoneksi dengan semua layanan di Universitas Brawijaya. Terima Kasih,4,24,2.0.20,2020-01-06 06:33:13,,,2.0.20
26bd796f-d0fc-41c9-a674-ad072881b3f7,Pengguna Google,https://play-lh.googleusercontent.com/EGemoI2NTXmTsBVtJqk8jxF9rh8ApRWfsIMQSt2uE4OcpQqbFu7f7NbTK05lx80nuSijCz7sc3a277R67g,Mungki dikasih barcode buat masuk ke perpus atau untuk pengganti siam,5,1,2.0.20,2020-01-05 23:24:04,Terimakasih masukannya,2020-01-08 18:39:04,2.0.20
8b033d65-9450-45e8-b3d8-1a53332a5d1d,Pengguna Google,https://play-lh.googleusercontent.com/EGemoI2NTXmTsBVtJqk8jxF9rh8ApRWfsIMQSt2uE4OcpQqbFu7f7NbTK05lx80nuSijCz7sc3a277R67g,"Baguus min peningkatan 😚 Mungkin bisa ditambahkan lagi fitur Absensi, Download KHS, Download KRS, ada info ruang kelas untuk jadwal kuliah 🤟",5,3,2.0.20,2020-01-05 19:40:32,,,2.0.20
aaeac9bf-1135-4d7f-b508-8b60ab029a26,Pengguna Google,https://play-lh.googleusercontent.com/EGemoI2NTXmTsBVtJqk8jxF9rh8ApRWfsIMQSt2uE4OcpQqbFu7f7NbTK05lx80nuSijCz7sc3a277R67g,"Mantapp, semoga sistem yg lain di gapura jg segera terintegrasi dan setiap menu/info unit kerja jg masuk di satu aplikasi ini 👍👍👍",5,0,2.0.20,2020-01-05 11:16:51,,,2.0.20
3347cd76-4355-47cd-abaf-166b6e63af27,Pengguna Google,https://play-lh.googleusercontent.com/EGemoI2NTXmTsBVtJqk8jxF9rh8ApRWfsIMQSt2uE4OcpQqbFu7f7NbTK05lx80nuSijCz7sc3a277R67g,Wejiannnn sangar nan,5,0,,2020-01-05 11:09:07,,,
451a2b8e-644d-4f5d-8276-dc0827b13f67,Pengguna Google,https://play-lh.googleusercontent.com/EGemoI2NTXmTsBVtJqk8jxF9rh8ApRWfsIMQSt2uE4OcpQqbFu7f7NbTK05lx80nuSijCz7sc3a277R67g,Oke,5,0,2.0.20,2020-01-05 10:02:52,,,2.0.20
3b49e9cd-10c6-4fd1-9b14-213469efec75,Pengguna Google,https://play-lh.googleusercontent.com/EGemoI2NTXmTsBVtJqk8jxF9rh8ApRWfsIMQSt2uE4OcpQqbFu7f7NbTK05lx80nuSijCz7sc3a277R67g,Semoga kedepannya bisa absensi dengan aplikasi ini,5,0,2.0.20,2020-01-05 01:54:41,Terimakasih masukannya.,2020-01-08 18:35:38,2.0.20
09925c0b-4a30-4139-a170-6d0fc4ff45ff,Pengguna Google,https://play-lh.googleusercontent.com/EGemoI2NTXmTsBVtJqk8jxF9rh8ApRWfsIMQSt2uE4OcpQqbFu7f7NbTK05lx80nuSijCz7sc3a277R67g,mantul,5,0,2.0.20,2020-01-05 00:28:57,,,2.0.20
991370a9-eaf0-4503-923d-01481edb7a8a,Pengguna Google,https://play-lh.googleusercontent.com/EGemoI2NTXmTsBVtJqk8jxF9rh8ApRWfsIMQSt2uE4OcpQqbFu7f7NbTK05lx80nuSijCz7sc3a277R67g,"Keren, kemajuan yang bagus. Jadi mudah mau liat KRS, KHS, jadwal kuliah, dan berita2 UB. Terhubung juga ke web setiap fakultas",5,1,2.0.20,2020-01-05 00:22:54,,,2.0.20
9c38d933-0b72-4d4d-914f-9b3eef6f2074,Pengguna Google,https://play-lh.googleusercontent.com/EGemoI2NTXmTsBVtJqk8jxF9rh8ApRWfsIMQSt2uE4OcpQqbFu7f7NbTK05lx80nuSijCz7sc3a277R67g,Tambahkan ruang kelas di jadwal kuliah 😂,5,1,2.0.20,2020-01-04 20:48:08,,,2.0.20
2c1bfc8f-06a7-4024-a521-78049277e218,Pengguna Google,https://play-lh.googleusercontent.com/EGemoI2NTXmTsBVtJqk8jxF9rh8ApRWfsIMQSt2uE4OcpQqbFu7f7NbTK05lx80nuSijCz7sc3a277R67g,Mantabs,5,0,2.0.20,2020-01-04 16:52:41,,,2.0.20
f757dda9-d64b-4522-9f99-d062ba7ff2be,Pengguna Google,https://play-lh.googleusercontent.com/EGemoI2NTXmTsBVtJqk8jxF9rh8ApRWfsIMQSt2uE4OcpQqbFu7f7NbTK05lx80nuSijCz7sc3a277R67g,Good 👍👍,5,0,2.0.20,2020-01-03 18:31:43,,,2.0.20
253b19ab-c339-4431-8cc1-9ac6b3dd9235,Pengguna Google,https://play-lh.googleusercontent.com/EGemoI2NTXmTsBVtJqk8jxF9rh8ApRWfsIMQSt2uE4OcpQqbFu7f7NbTK05lx80nuSijCz7sc3a277R67g,Lanjootkan gesss,5,0,2.0.20,2020-01-03 18:27:22,,,2.0.20
7bd9415f-bf17-4c72-8500-600bc9f8fefd,Pengguna Google,https://play-lh.googleusercontent.com/EGemoI2NTXmTsBVtJqk8jxF9rh8ApRWfsIMQSt2uE4OcpQqbFu7f7NbTK05lx80nuSijCz7sc3a277R67g,Good app,5,0,2.0.20,2020-01-03 18:25:14,,,2.0.20
29a0ea9c-4d46-4a1d-abc9-dcaa6054b32d,Pengguna Google,https://play-lh.googleusercontent.com/EGemoI2NTXmTsBVtJqk8jxF9rh8ApRWfsIMQSt2uE4OcpQqbFu7f7NbTK05lx80nuSijCz7sc3a277R67g,Kereen.. aplikasinya bagus.. Dapat melihat berita UB dari satu genggaman serta cek salary yang diterima oleh pegawai. Saran dan masukan untuk pengembangan : 1. Ditambah fitur chat antar pegawai atau dosen 2. Ada page halaman lowongan pekerjaan 3. Di integrasikan dengan Tracer studi untuk mempermudah data dukung akreditasi 4. Ada kartu pegawai untuk dosen / karyawan / mahasiswa dalam bentuk digital.,5,13,2.0.20,2020-01-03 18:22:12,Terimakasih masukannya.,2020-01-08 18:32:50,2.0.20
f2ccc9b8-39b1-4b32-91b2-c696cc00ea66,Pengguna Google,https://play-lh.googleusercontent.com/EGemoI2NTXmTsBVtJqk8jxF9rh8ApRWfsIMQSt2uE4OcpQqbFu7f7NbTK05lx80nuSijCz7sc3a277R67g,Ok banget sam,5,1,2.0.20,2020-01-03 17:43:25,,,2.0.20
b7d4ae42-64d8-4764-8052-2bfaa5469323,Pengguna Google,https://play-lh.googleusercontent.com/EGemoI2NTXmTsBVtJqk8jxF9rh8ApRWfsIMQSt2uE4OcpQqbFu7f7NbTK05lx80nuSijCz7sc3a277R67g,Gasss lur,4,0,,2020-01-03 17:40:52,,,
83089c29-44a4-4eb1-9b95-f8db261a7507,Pengguna Google,https://play-lh.googleusercontent.com/EGemoI2NTXmTsBVtJqk8jxF9rh8ApRWfsIMQSt2uE4OcpQqbFu7f7NbTK05lx80nuSijCz7sc3a277R67g,Memudahkan kita untuk pamer IPK,5,3,2.0.20,2020-01-03 17:11:45,,,2.0.20
79444026-4924-481c-82c8-8aef2b405bc5,Pengguna Google,https://play-lh.googleusercontent.com/EGemoI2NTXmTsBVtJqk8jxF9rh8ApRWfsIMQSt2uE4OcpQqbFu7f7NbTK05lx80nuSijCz7sc3a277R67g,Semoga lebih baik.,5,2,,2019-12-25 14:02:35,,,
